{
  "dag-extra-info": {
    "entitytype": "TEZ_DAG_EXTRA_INFO",
    "entity": "dag_1658967076530_0002_1",
    "starttime": 1658970248803,
    "events": [
      {
        "timestamp": 1658971303879,
        "eventtype": "DAG_FINISHED",
        "eventinfo": {}
      },
      {
        "timestamp": 1658970248803,
        "eventtype": "DAG_SUBMITTED",
        "eventinfo": {}
      }
    ],
    "domain": "Tez_ATS_application_1658967076530_0002_1",
    "relatedentities": {},
    "primaryfilters": {},
    "otherinfo": {
      "counters": {
        "counterGroups": [
          {
            "counterGroupName": "org.apache.tez.common.counters.DAGCounter",
            "counters": [
              {
                "counterName": "NUM_FAILED_TASKS",
                "counterValue": 23
              },
              {
                "counterName": "NUM_KILLED_TASKS",
                "counterValue": 5
              },
              {
                "counterName": "NUM_SUCCEEDED_TASKS",
                "counterValue": 87
              },
              {
                "counterName": "TOTAL_LAUNCHED_TASKS",
                "counterValue": 53
              },
              {
                "counterName": "DATA_LOCAL_TASKS",
                "counterValue": 1
              },
              {
                "counterName": "RACK_LOCAL_TASKS",
                "counterValue": 3
              },
              {
                "counterName": "AM_CPU_MILLISECONDS",
                "counterValue": 16620
              },
              {
                "counterName": "AM_GC_TIME_MILLIS",
                "counterValue": 31
              }
            ]
          },
          {
            "counterGroupName": "org.apache.tez.common.counters.FileSystemCounter",
            "counterGroupDisplayName": "File System Counters",
            "counters": [
              {
                "counterName": "FILE_BYTES_READ",
                "counterValue": 97709807
              },
              {
                "counterName": "FILE_BYTES_WRITTEN",
                "counterValue": 122433678
              },
              {
                "counterName": "HDFS_BYTES_READ",
                "counterValue": 1487849118
              },
              {
                "counterName": "HDFS_BYTES_WRITTEN",
                "counterValue": 866
              },
              {
                "counterName": "HDFS_READ_OPS",
                "counterValue": 17
              },
              {
                "counterName": "HDFS_WRITE_OPS",
                "counterValue": 2
              }
            ]
          },
          {
            "counterGroupName": "org.apache.tez.common.counters.TaskCounter",
            "counters": [
              {
                "counterName": "REDUCE_INPUT_GROUPS",
                "counterValue": 3135189
              },
              {
                "counterName": "REDUCE_INPUT_RECORDS",
                "counterValue": 6584646
              },
              {
                "counterName": "SPILLED_RECORDS",
                "counterValue": 13169307
              },
              {
                "counterName": "NUM_SHUFFLED_INPUTS",
                "counterValue": 161
              },
              {
                "counterName": "NUM_SKIPPED_INPUTS",
                "counterValue": 252
              },
              {
                "counterName": "MERGED_MAP_OUTPUTS",
                "counterValue": 449
              },
              {
                "counterName": "GC_TIME_MILLIS",
                "counterValue": 3249
              },
              {
                "counterName": "CPU_MILLISECONDS",
                "counterValue": 103120
              },
              {
                "counterName": "PHYSICAL_MEMORY_BYTES",
                "counterValue": 101732319232
              },
              {
                "counterName": "VIRTUAL_MEMORY_BYTES",
                "counterValue": 289408282624
              },
              {
                "counterName": "COMMITTED_HEAP_BYTES",
                "counterValue": 101732319232
              },
              {
                "counterName": "INPUT_RECORDS_PROCESSED",
                "counterValue": 10781494
              },
              {
                "counterName": "INPUT_SPLIT_LENGTH_BYTES",
                "counterValue": 1487824542
              },
              {
                "counterName": "OUTPUT_RECORDS",
                "counterValue": 6584646
              },
              {
                "counterName": "OUTPUT_BYTES",
                "counterValue": 123919341
              },
              {
                "counterName": "OUTPUT_BYTES_WITH_OVERHEAD",
                "counterValue": 97308065
              },
              {
                "counterName": "OUTPUT_BYTES_PHYSICAL",
                "counterValue": 97308709
              },
              {
                "counterName": "ADDITIONAL_SPILLS_BYTES_WRITTEN",
                "counterValue": 25114416
              },
              {
                "counterName": "ADDITIONAL_SPILLS_BYTES_READ",
                "counterValue": 97308560
              },
              {
                "counterName": "SHUFFLE_CHUNK_COUNT",
                "counterValue": 65
              },
              {
                "counterName": "SHUFFLE_BYTES",
                "counterValue": 97308709
              },
              {
                "counterName": "SHUFFLE_BYTES_DECOMPRESSED",
                "counterValue": 97308065
              },
              {
                "counterName": "SHUFFLE_BYTES_TO_MEM",
                "counterValue": 25114389
              },
              {
                "counterName": "SHUFFLE_BYTES_DISK_DIRECT",
                "counterValue": 72194320
              },
              {
                "counterName": "NUM_DISK_TO_DISK_MERGES",
                "counterValue": 1
              },
              {
                "counterName": "SHUFFLE_PHASE_TIME",
                "counterValue": 71090
              },
              {
                "counterName": "MERGE_PHASE_TIME",
                "counterValue": 75597
              },
              {
                "counterName": "FIRST_EVENT_RECEIVED",
                "counterValue": 999
              },
              {
                "counterName": "LAST_EVENT_RECEIVED",
                "counterValue": 1156
              }
            ]
          },
          {
            "counterGroupName": "HIVE",
            "counters": [
              {
                "counterName": "CREATED_FILES",
                "counterValue": 1
              },
              {
                "counterName": "RECORDS_IN_Map_1",
                "counterValue": 10779154
              },
              {
                "counterName": "RECORDS_OUT_0",
                "counterValue": 27
              },
              {
                "counterName": "RECORDS_OUT_INTERMEDIATE_Map_1",
                "counterValue": 9611053
              },
              {
                "counterName": "RECORDS_OUT_INTERMEDIATE_Reducer_2",
                "counterValue": 318
              },
              {
                "counterName": "RECORDS_OUT_OPERATOR_FIL_16",
                "counterValue": 10527130
              },
              {
                "counterName": "RECORDS_OUT_OPERATOR_FS_25",
                "counterValue": 27
              },
              {
                "counterName": "RECORDS_OUT_OPERATOR_GBY_18",
                "counterValue": 6584619
              },
              {
                "counterName": "RECORDS_OUT_OPERATOR_GBY_20",
                "counterValue": 3135162
              },
              {
                "counterName": "RECORDS_OUT_OPERATOR_GBY_22",
                "counterValue": 27
              },
              {
                "counterName": "RECORDS_OUT_OPERATOR_RS_19",
                "counterValue": 9611053
              },
              {
                "counterName": "RECORDS_OUT_OPERATOR_RS_23",
                "counterValue": 318
              },
              {
                "counterName": "RECORDS_OUT_OPERATOR_SEL_17",
                "counterValue": 10527130
              },
              {
                "counterName": "RECORDS_OUT_OPERATOR_SEL_21",
                "counterValue": 3135162
              },
              {
                "counterName": "RECORDS_OUT_OPERATOR_SEL_24",
                "counterValue": 27
              },
              {
                "counterName": "RECORDS_OUT_OPERATOR_TS_0",
                "counterValue": 10781494
              }
            ]
          }
        ]
      },
      "dagPlan": {
        "dagName": "SELECT destino_uf, COUNT(DISTINCT id_...DESC (Stage-1)",
        "dagInfo": "{\"context\":\"Hive\",\"description\":\"SELECT destino_uf, COUNT(DISTINCT id_viagem) AS viagens FROM viagens.trechos WHERE origem_pais = 'Brasil' AND destino_pais = 'Brasil' GROUP BY destino_uf ORDER BY viagens DESC\"}",
        "dagContext": {
          "callerId": "hive_20220728010400_2669cd12-89ca-46e1-a20e-57ce09770099",
          "callerType": "HIVE_QUERY_ID",
          "context": "HIVE",
          "description": "SELECT destino_uf, COUNT(DISTINCT id_viagem) AS viagens FROM viagens.trechos WHERE origem_pais = 'Brasil' AND destino_pais = 'Brasil' GROUP BY destino_uf ORDER BY viagens DESC"
        },
        "version": 2,
        "vertices": [
          {
            "vertexName": "Map 1",
            "processorClass": "org.apache.hadoop.hive.ql.exec.tez.MapTezProcessor",
            "outEdgeIds": [
              "89515861"
            ],
            "additionalInputs": [
              {
                "name": "trechos",
                "class": "org.apache.tez.mapreduce.input.MRInputLegacy",
                "initializer": "org.apache.hadoop.hive.ql.exec.tez.HiveSplitGenerator"
              }
            ]
          },
          {
            "vertexName": "Reducer 2",
            "processorClass": "org.apache.hadoop.hive.ql.exec.tez.ReduceTezProcessor",
            "inEdgeIds": [
              "89515861"
            ],
            "outEdgeIds": [
              "770479448"
            ]
          },
          {
            "vertexName": "Reducer 3",
            "processorClass": "org.apache.hadoop.hive.ql.exec.tez.ReduceTezProcessor",
            "inEdgeIds": [
              "770479448"
            ],
            "additionalOutputs": [
              {
                "name": "out_Reducer 3",
                "class": "org.apache.tez.mapreduce.output.MROutput"
              }
            ]
          }
        ],
        "edges": [
          {
            "edgeId": "770479448",
            "inputVertexName": "Reducer 2",
            "outputVertexName": "Reducer 3",
            "dataMovementType": "SCATTER_GATHER",
            "dataSourceType": "PERSISTED",
            "schedulingType": "SEQUENTIAL",
            "edgeSourceClass": "org.apache.tez.runtime.library.output.OrderedPartitionedKVOutput",
            "edgeDestinationClass": "org.apache.tez.runtime.library.input.OrderedGroupedKVInput"
          },
          {
            "edgeId": "89515861",
            "inputVertexName": "Map 1",
            "outputVertexName": "Reducer 2",
            "dataMovementType": "SCATTER_GATHER",
            "dataSourceType": "PERSISTED",
            "schedulingType": "SEQUENTIAL",
            "edgeSourceClass": "org.apache.tez.runtime.library.output.OrderedPartitionedKVOutput",
            "edgeDestinationClass": "org.apache.tez.runtime.library.input.OrderedGroupedKVInput"
          }
        ]
      }
    }
  }
}