{
  "dag": {
    "entitytype": "TEZ_DAG_ID",
    "entity": "dag_1658967076530_0002_1",
    "starttime": 1658970248803,
    "events": [
      {
        "timestamp": 1658971303879,
        "eventtype": "DAG_FINISHED",
        "eventinfo": {}
      },
      {
        "timestamp": 1658970486871,
        "eventtype": "DAG_RECOVERED",
        "eventinfo": {
          "applicationAttemptId": "appattempt_1658967076530_0002_000002"
        }
      },
      {
        "timestamp": 1658970249344,
        "eventtype": "DAG_STARTED",
        "eventinfo": {}
      },
      {
        "timestamp": 1658970249331,
        "eventtype": "DAG_INITIALIZED",
        "eventinfo": {}
      },
      {
        "timestamp": 1658970248803,
        "eventtype": "DAG_SUBMITTED",
        "eventinfo": {}
      }
    ],
    "domain": "Tez_ATS_application_1658967076530_0002_1",
    "relatedentities": {
      "TEZ_DAG_EXTRA_INFO": [
        "dag_1658967076530_0002_1"
      ],
      "TEZ_VERTEX_ID": [
        "vertex_1658967076530_0002_1_00",
        "vertex_1658967076530_0002_1_01",
        "vertex_1658967076530_0002_1_02"
      ]
    },
    "primaryfilters": {
      "dagName": [
        "SELECT destino_uf, COUNT(DISTINCT id_...DESC (Stage-1)"
      ],
      "queueName": [
        "default"
      ],
      "callerId": [
        "hive_20220728010400_2669cd12-89ca-46e1-a20e-57ce09770099"
      ],
      "applicationId": [
        "application_1658967076530_0002"
      ],
      "user": [
        "danielguedesfis"
      ],
      "status": [
        "SUCCEEDED"
      ]
    },
    "otherinfo": {
      "completionApplicationAttemptId": "appattempt_1658967076530_0002_000002",
      "numFailedTaskAttempts": 23,
      "callerContext": "HIVE",
      "numKilledTaskAttempts": 5,
      "numCompletedTasks": 66,
      "amWebServiceVersion": "2",
      "inProgressLogsURL_1": "http://iv5wxb3ymvccdpjxx27gokbpri-dot-southamerica-east1.dataproc.googleusercontent.com:80/gateway/default/node/containerlogs/container_1658967076530_0002_01_000001/danielguedesfis?scheme=http&nm_port=8026&port=8042&host=cluster-hadoop-w-1.southamerica-east1-c.c.river-runner-355919.internal",
      "inProgressLogsURL_2": "cluster-hadoop-w-0.southamerica-east1-c.c.river-runner-355919.internal:8042/node/containerlogs/container_1658967076530_0002_02_000001/danielguedesfis?nm_port=8026",
      "numSucceededTasks": 66,
      "vertexNameIdMapping": {
        "Map 1": "vertex_1658967076530_0002_1_00",
        "Reducer 2": "vertex_1658967076530_0002_1_01",
        "Reducer 3": "vertex_1658967076530_0002_1_02"
      },
      "numFailedTasks": 0,
      "timeTaken": 1054535,
      "diagnostics": "",
      "queueName": "default",
      "applicationAttemptId": "appattempt_1658967076530_0002_000001",
      "callerType": "HIVE_QUERY_ID",
      "startTime": 1658970249344,
      "callerId": "hive_20220728010400_2669cd12-89ca-46e1-a20e-57ce09770099",
      "endTime": 1658971303879,
      "applicationId": "application_1658967076530_0002",
      "numKilledTasks": 0,
      "initTime": 1658970249331,
      "user": "danielguedesfis",
      "status": "SUCCEEDED"
    }
  }
}