{
  "vertices": [
    {
      "entitytype": "TEZ_VERTEX_ID",
      "entity": "vertex_1658967076530_0002_1_00",
      "starttime": 1658970250769,
      "events": [
        {
          "timestamp": 1658970280859,
          "eventtype": "VERTEX_FINISHED",
          "eventinfo": {}
        },
        {
          "timestamp": 1658970250770,
          "eventtype": "VERTEX_CONFIGURE_DONE",
          "eventinfo": {
            "numTasks": 6
          }
        },
        {
          "timestamp": 1658970250769,
          "eventtype": "VERTEX_INITIALIZED",
          "eventinfo": {}
        },
        {
          "timestamp": 1658970250769,
          "eventtype": "VERTEX_STARTED",
          "eventinfo": {}
        }
      ],
      "domain": "Tez_ATS_application_1658967076530_0002_1",
      "relatedentities": {},
      "primaryfilters": {
        "TEZ_DAG_ID": [
          "dag_1658967076530_0002_1"
        ],
        "applicationId": [
          "application_1658967076530_0002"
        ],
        "status": [
          "SUCCEEDED"
        ]
      },
      "otherinfo": {
        "numTasks": 6,
        "numFailedTaskAttempts": 0,
        "processorClassName": "org.apache.hadoop.hive.ql.exec.tez.MapTezProcessor",
        "numKilledTaskAttempts": 0,
        "servicePlugin": {
          "taskSchedulerName": "TezYarn",
          "taskSchedulerClassName": "org.apache.tez.dag.app.rm.YarnTaskSchedulerService",
          "taskCommunicatorName": "TezYarn",
          "taskCommunicatorClassName": "org.apache.tez.dag.app.TezTaskCommunicatorImpl",
          "containerLauncherName": "TezYarn",
          "containerLauncherClassName": "org.apache.tez.dag.app.launcher.TezContainerLauncherImpl"
        },
        "vertexName": "Map 1",
        "counters": {
          "counterGroups": [
            {
              "counterGroupName": "org.apache.tez.common.counters.FileSystemCounter",
              "counterGroupDisplayName": "File System Counters",
              "counters": [
                {
                  "counterName": "FILE_BYTES_READ",
                  "counterValue": 17088
                },
                {
                  "counterName": "FILE_BYTES_WRITTEN",
                  "counterValue": 97316391
                },
                {
                  "counterName": "HDFS_BYTES_READ",
                  "counterValue": 1487849118
                },
                {
                  "counterName": "HDFS_READ_OPS",
                  "counterValue": 14
                }
              ]
            },
            {
              "counterGroupName": "org.apache.tez.common.counters.TaskCounter",
              "counters": [
                {
                  "counterName": "SPILLED_RECORDS",
                  "counterValue": 6584619
                },
                {
                  "counterName": "GC_TIME_MILLIS",
                  "counterValue": 1745
                },
                {
                  "counterName": "CPU_MILLISECONDS",
                  "counterValue": 62460
                },
                {
                  "counterName": "PHYSICAL_MEMORY_BYTES",
                  "counterValue": 5559025664
                },
                {
                  "counterName": "VIRTUAL_MEMORY_BYTES",
                  "counterValue": 26315489280
                },
                {
                  "counterName": "COMMITTED_HEAP_BYTES",
                  "counterValue": 5559025664
                },
                {
                  "counterName": "INPUT_RECORDS_PROCESSED",
                  "counterValue": 10781494
                },
                {
                  "counterName": "INPUT_SPLIT_LENGTH_BYTES",
                  "counterValue": 1487824542
                },
                {
                  "counterName": "OUTPUT_RECORDS",
                  "counterValue": 6584619
                },
                {
                  "counterName": "OUTPUT_BYTES",
                  "counterValue": 123918763
                },
                {
                  "counterName": "OUTPUT_BYTES_WITH_OVERHEAD",
                  "counterValue": 97307295
                },
                {
                  "counterName": "OUTPUT_BYTES_PHYSICAL",
                  "counterValue": 97307847
                },
                {
                  "counterName": "SHUFFLE_CHUNK_COUNT",
                  "counterValue": 6
                }
              ]
            },
            {
              "counterGroupName": "HIVE",
              "counters": [
                {
                  "counterName": "RECORDS_IN_Map_1",
                  "counterValue": 10779154
                },
                {
                  "counterName": "RECORDS_OUT_INTERMEDIATE_Map_1",
                  "counterValue": 13154125
                },
                {
                  "counterName": "RECORDS_OUT_OPERATOR_FIL_16",
                  "counterValue": 10527130
                },
                {
                  "counterName": "RECORDS_OUT_OPERATOR_GBY_18",
                  "counterValue": 6584619
                },
                {
                  "counterName": "RECORDS_OUT_OPERATOR_RS_19",
                  "counterValue": 13154125
                },
                {
                  "counterName": "RECORDS_OUT_OPERATOR_SEL_17",
                  "counterValue": 10527130
                },
                {
                  "counterName": "RECORDS_OUT_OPERATOR_TS_0",
                  "counterValue": 10781494
                }
              ]
            },
            {
              "counterGroupName": "org.apache.hadoop.hive.ql.exec.tez.HiveInputCounters",
              "counters": [
                {
                  "counterName": "GROUPED_INPUT_SPLITS_Map_1",
                  "counterValue": 6
                },
                {
                  "counterName": "INPUT_DIRECTORIES_Map_1",
                  "counterValue": 1
                },
                {
                  "counterName": "INPUT_FILES_Map_1",
                  "counterValue": 8
                },
                {
                  "counterName": "RAW_INPUT_SPLITS_Map_1",
                  "counterValue": 14
                }
              ]
            }
          ]
        },
        "numCompletedTasks": 6,
        "numSucceededTasks": 6,
        "numFailedTasks": 0,
        "initRequestedTime": 1658970249360,
        "startRequestedTime": 1658970250379,
        "timeTaken": 30090,
        "diagnostics": "",
        "stats": {
          "firstTaskStartTime": 1658970254799,
          "firstTasksToStart": [
            "task_1658967076530_0002_1_00_000001"
          ],
          "lastTaskFinishTime": 1658970280857,
          "lastTasksToFinish": [
            "task_1658967076530_0002_1_00_000004"
          ],
          "minTaskDuration": 4702,
          "maxTaskDuration": 19384,
          "avgTaskDuration": 10641.166666666666,
          "shortestDurationTasks": [
            "task_1658967076530_0002_1_00_000004"
          ],
          "longestDurationTasks": [
            "task_1658967076530_0002_1_00_000000"
          ]
        },
        "startTime": 1658970250769,
        "endTime": 1658970280859,
        "numKilledTasks": 0,
        "initTime": 1658970250769,
        "status": "SUCCEEDED"
      }
    },
    {
      "entitytype": "TEZ_VERTEX_ID",
      "entity": "vertex_1658967076530_0002_1_02",
      "starttime": 1658970250532,
      "events": [
        {
          "timestamp": 1658971303877,
          "eventtype": "VERTEX_FINISHED",
          "eventinfo": {}
        },
        {
          "timestamp": 1658970250781,
          "eventtype": "VERTEX_STARTED",
          "eventinfo": {}
        },
        {
          "timestamp": 1658970250533,
          "eventtype": "VERTEX_INITIALIZED",
          "eventinfo": {}
        },
        {
          "timestamp": 1658970250532,
          "eventtype": "VERTEX_CONFIGURE_DONE",
          "eventinfo": {
            "numTasks": 1,
            "updatedEdgeManagers": {
              "Reducer 2": {
                "schedulingType": "SEQUENTIAL",
                "edgeSourceClass": "org.apache.tez.runtime.library.output.OrderedPartitionedKVOutput",
                "dataMovementType": "SCATTER_GATHER",
                "edgeDestinationClass": "org.apache.tez.runtime.library.input.OrderedGroupedKVInput",
                "dataSourceType": "PERSISTED"
              }
            }
          }
        }
      ],
      "domain": "Tez_ATS_application_1658967076530_0002_1",
      "relatedentities": {},
      "primaryfilters": {
        "TEZ_DAG_ID": [
          "dag_1658967076530_0002_1"
        ],
        "applicationId": [
          "application_1658967076530_0002"
        ],
        "status": [
          "SUCCEEDED"
        ]
      },
      "otherinfo": {
        "numTasks": 1,
        "numFailedTaskAttempts": 1,
        "processorClassName": "org.apache.hadoop.hive.ql.exec.tez.ReduceTezProcessor",
        "numKilledTaskAttempts": 1,
        "servicePlugin": {
          "taskSchedulerName": "TezYarn",
          "taskSchedulerClassName": "org.apache.tez.dag.app.rm.YarnTaskSchedulerService",
          "taskCommunicatorName": "TezYarn",
          "taskCommunicatorClassName": "org.apache.tez.dag.app.TezTaskCommunicatorImpl",
          "containerLauncherName": "TezYarn",
          "containerLauncherClassName": "org.apache.tez.dag.app.launcher.TezContainerLauncherImpl"
        },
        "vertexName": "Reducer 3",
        "counters": {
          "counterGroups": [
            {
              "counterGroupName": "org.apache.tez.common.counters.FileSystemCounter",
              "counterGroupDisplayName": "File System Counters",
              "counters": [
                {
                  "counterName": "FILE_BYTES_READ",
                  "counterValue": 1926
                },
                {
                  "counterName": "FILE_BYTES_WRITTEN",
                  "counterValue": 328
                },
                {
                  "counterName": "HDFS_BYTES_WRITTEN",
                  "counterValue": 866
                },
                {
                  "counterName": "HDFS_READ_OPS",
                  "counterValue": 3
                },
                {
                  "counterName": "HDFS_WRITE_OPS",
                  "counterValue": 2
                }
              ]
            },
            {
              "counterGroupName": "org.apache.tez.common.counters.TaskCounter",
              "counters": [
                {
                  "counterName": "REDUCE_INPUT_GROUPS",
                  "counterValue": 27
                },
                {
                  "counterName": "REDUCE_INPUT_RECORDS",
                  "counterValue": 27
                },
                {
                  "counterName": "SPILLED_RECORDS",
                  "counterValue": 42
                },
                {
                  "counterName": "NUM_SHUFFLED_INPUTS",
                  "counterValue": 23
                },
                {
                  "counterName": "NUM_SKIPPED_INPUTS",
                  "counterValue": 36
                },
                {
                  "counterName": "MERGED_MAP_OUTPUTS",
                  "counterValue": 311
                },
                {
                  "counterName": "GC_TIME_MILLIS",
                  "counterValue": 138
                },
                {
                  "counterName": "CPU_MILLISECONDS",
                  "counterValue": 1860
                },
                {
                  "counterName": "PHYSICAL_MEMORY_BYTES",
                  "counterValue": 635961344
                },
                {
                  "counterName": "VIRTUAL_MEMORY_BYTES",
                  "counterValue": 4390834176
                },
                {
                  "counterName": "COMMITTED_HEAP_BYTES",
                  "counterValue": 635961344
                },
                {
                  "counterName": "ADDITIONAL_SPILLS_BYTES_WRITTEN",
                  "counterValue": 207
                },
                {
                  "counterName": "ADDITIONAL_SPILLS_BYTES_READ",
                  "counterValue": 893
                },
                {
                  "counterName": "SHUFFLE_BYTES",
                  "counterValue": 862
                },
                {
                  "counterName": "SHUFFLE_BYTES_DECOMPRESSED",
                  "counterValue": 770
                },
                {
                  "counterName": "SHUFFLE_BYTES_DISK_DIRECT",
                  "counterValue": 862
                },
                {
                  "counterName": "NUM_DISK_TO_DISK_MERGES",
                  "counterValue": 1
                },
                {
                  "counterName": "SHUFFLE_PHASE_TIME",
                  "counterValue": 60
                },
                {
                  "counterName": "MERGE_PHASE_TIME",
                  "counterValue": 74
                },
                {
                  "counterName": "FIRST_EVENT_RECEIVED",
                  "counterValue": 5
                },
                {
                  "counterName": "LAST_EVENT_RECEIVED",
                  "counterValue": 16
                }
              ]
            },
            {
              "counterGroupName": "HIVE",
              "counters": [
                {
                  "counterName": "CREATED_FILES",
                  "counterValue": 1
                },
                {
                  "counterName": "RECORDS_OUT_0",
                  "counterValue": 27
                },
                {
                  "counterName": "RECORDS_OUT_OPERATOR_FS_25",
                  "counterValue": 27
                },
                {
                  "counterName": "RECORDS_OUT_OPERATOR_SEL_24",
                  "counterValue": 27
                }
              ]
            }
          ]
        },
        "numCompletedTasks": 1,
        "numSucceededTasks": 1,
        "numFailedTasks": 0,
        "initRequestedTime": 1658970250472,
        "startRequestedTime": 1658970250780,
        "timeTaken": 1053096,
        "diagnostics": "",
        "stats": {
          "firstTaskStartTime": 1658970640938,
          "firstTasksToStart": [
            "task_1658967076530_0002_1_02_000000"
          ],
          "lastTaskFinishTime": 1658971303875,
          "lastTasksToFinish": [
            "task_1658967076530_0002_1_02_000000"
          ],
          "minTaskDuration": 662937,
          "maxTaskDuration": 662937,
          "avgTaskDuration": 662937,
          "shortestDurationTasks": [
            "task_1658967076530_0002_1_02_000000"
          ],
          "longestDurationTasks": [
            "task_1658967076530_0002_1_02_000000"
          ]
        },
        "startTime": 1658970250781,
        "endTime": 1658971303877,
        "numKilledTasks": 0,
        "initTime": 1658970250533,
        "status": "SUCCEEDED"
      }
    },
    {
      "entitytype": "TEZ_VERTEX_ID",
      "entity": "vertex_1658967076530_0002_1_01",
      "starttime": 1658970250466,
      "events": [
        {
          "timestamp": 1658970568703,
          "eventtype": "VERTEX_FINISHED",
          "eventinfo": {}
        },
        {
          "timestamp": 1658970250771,
          "eventtype": "VERTEX_STARTED",
          "eventinfo": {}
        },
        {
          "timestamp": 1658970250467,
          "eventtype": "VERTEX_INITIALIZED",
          "eventinfo": {}
        },
        {
          "timestamp": 1658970250466,
          "eventtype": "VERTEX_CONFIGURE_DONE",
          "eventinfo": {
            "numTasks": 59,
            "updatedEdgeManagers": {
              "Map 1": {
                "schedulingType": "SEQUENTIAL",
                "edgeSourceClass": "org.apache.tez.runtime.library.output.OrderedPartitionedKVOutput",
                "dataMovementType": "SCATTER_GATHER",
                "edgeDestinationClass": "org.apache.tez.runtime.library.input.OrderedGroupedKVInput",
                "dataSourceType": "PERSISTED"
              }
            }
          }
        }
      ],
      "domain": "Tez_ATS_application_1658967076530_0002_1",
      "relatedentities": {},
      "primaryfilters": {
        "TEZ_DAG_ID": [
          "dag_1658967076530_0002_1"
        ],
        "applicationId": [
          "application_1658967076530_0002"
        ],
        "status": [
          "SUCCEEDED"
        ]
      },
      "otherinfo": {
        "numTasks": 59,
        "numFailedTaskAttempts": 18,
        "processorClassName": "org.apache.hadoop.hive.ql.exec.tez.ReduceTezProcessor",
        "numKilledTaskAttempts": 4,
        "servicePlugin": {
          "taskSchedulerName": "TezYarn",
          "taskSchedulerClassName": "org.apache.tez.dag.app.rm.YarnTaskSchedulerService",
          "taskCommunicatorName": "TezYarn",
          "taskCommunicatorClassName": "org.apache.tez.dag.app.TezTaskCommunicatorImpl",
          "containerLauncherName": "TezYarn",
          "containerLauncherClassName": "org.apache.tez.dag.app.launcher.TezContainerLauncherImpl"
        },
        "vertexName": "Reducer 2",
        "counters": {
          "counterGroups": [
            {
              "counterGroupName": "org.apache.tez.common.counters.FileSystemCounter",
              "counterGroupDisplayName": "File System Counters",
              "counters": [
                {
                  "counterName": "FILE_BYTES_READ",
                  "counterValue": 97690793
                },
                {
                  "counterName": "FILE_BYTES_WRITTEN",
                  "counterValue": 25116959
                }
              ]
            },
            {
              "counterGroupName": "org.apache.tez.common.counters.TaskCounter",
              "counters": [
                {
                  "counterName": "REDUCE_INPUT_GROUPS",
                  "counterValue": 3135162
                },
                {
                  "counterName": "REDUCE_INPUT_RECORDS",
                  "counterValue": 6584619
                },
                {
                  "counterName": "SPILLED_RECORDS",
                  "counterValue": 6584646
                },
                {
                  "counterName": "NUM_SHUFFLED_INPUTS",
                  "counterValue": 138
                },
                {
                  "counterName": "NUM_SKIPPED_INPUTS",
                  "counterValue": 216
                },
                {
                  "counterName": "MERGED_MAP_OUTPUTS",
                  "counterValue": 138
                },
                {
                  "counterName": "GC_TIME_MILLIS",
                  "counterValue": 1133
                },
                {
                  "counterName": "CPU_MILLISECONDS",
                  "counterValue": 30750
                },
                {
                  "counterName": "PHYSICAL_MEMORY_BYTES",
                  "counterValue": 96424427520
                },
                {
                  "counterName": "VIRTUAL_MEMORY_BYTES",
                  "counterValue": 258748891136
                },
                {
                  "counterName": "COMMITTED_HEAP_BYTES",
                  "counterValue": 96424427520
                },
                {
                  "counterName": "OUTPUT_RECORDS",
                  "counterValue": 27
                },
                {
                  "counterName": "OUTPUT_BYTES",
                  "counterValue": 578
                },
                {
                  "counterName": "OUTPUT_BYTES_WITH_OVERHEAD",
                  "counterValue": 770
                },
                {
                  "counterName": "OUTPUT_BYTES_PHYSICAL",
                  "counterValue": 862
                },
                {
                  "counterName": "ADDITIONAL_SPILLS_BYTES_WRITTEN",
                  "counterValue": 25114209
                },
                {
                  "counterName": "ADDITIONAL_SPILLS_BYTES_READ",
                  "counterValue": 97307667
                },
                {
                  "counterName": "SHUFFLE_CHUNK_COUNT",
                  "counterValue": 59
                },
                {
                  "counterName": "SHUFFLE_BYTES",
                  "counterValue": 97307847
                },
                {
                  "counterName": "SHUFFLE_BYTES_DECOMPRESSED",
                  "counterValue": 97307295
                },
                {
                  "counterName": "SHUFFLE_BYTES_TO_MEM",
                  "counterValue": 25114389
                },
                {
                  "counterName": "SHUFFLE_BYTES_DISK_DIRECT",
                  "counterValue": 72193458
                },
                {
                  "counterName": "SHUFFLE_PHASE_TIME",
                  "counterValue": 71030
                },
                {
                  "counterName": "MERGE_PHASE_TIME",
                  "counterValue": 75523
                },
                {
                  "counterName": "FIRST_EVENT_RECEIVED",
                  "counterValue": 994
                },
                {
                  "counterName": "LAST_EVENT_RECEIVED",
                  "counterValue": 1140
                }
              ]
            },
            {
              "counterGroupName": "HIVE",
              "counters": [
                {
                  "counterName": "RECORDS_OUT_INTERMEDIATE_Reducer_2",
                  "counterValue": 318
                },
                {
                  "counterName": "RECORDS_OUT_OPERATOR_GBY_20",
                  "counterValue": 3135162
                },
                {
                  "counterName": "RECORDS_OUT_OPERATOR_GBY_22",
                  "counterValue": 27
                },
                {
                  "counterName": "RECORDS_OUT_OPERATOR_RS_23",
                  "counterValue": 318
                },
                {
                  "counterName": "RECORDS_OUT_OPERATOR_SEL_21",
                  "counterValue": 3135162
                }
              ]
            }
          ]
        },
        "numCompletedTasks": 59,
        "numSucceededTasks": 59,
        "numFailedTasks": 0,
        "initRequestedTime": 1658970250379,
        "startRequestedTime": 1658970250771,
        "timeTaken": 317932,
        "diagnostics": "",
        "stats": {
          "firstTaskStartTime": 1658970280972,
          "firstTasksToStart": [
            "task_1658967076530_0002_1_01_000008"
          ],
          "lastTaskFinishTime": 1658971237777,
          "lastTasksToFinish": [
            "task_1658967076530_0002_1_01_000014"
          ],
          "minTaskDuration": 68,
          "maxTaskDuration": 956535,
          "avgTaskDuration": 286014.69491525413,
          "shortestDurationTasks": [
            "task_1658967076530_0002_1_01_000005"
          ],
          "longestDurationTasks": [
            "task_1658967076530_0002_1_01_000008"
          ]
        },
        "startTime": 1658970250771,
        "endTime": 1658970568703,
        "numKilledTasks": 0,
        "initTime": 1658970250467,
        "status": "SUCCEEDED"
      }
    }
  ]
}