{
  "dag-extra-info": {
    "entitytype": "TEZ_DAG_EXTRA_INFO",
    "entity": "dag_1659670540238_0001_6",
    "starttime": 1659672653708,
    "events": [
      {
        "timestamp": 1659672687519,
        "eventtype": "DAG_FINISHED",
        "eventinfo": {}
      },
      {
        "timestamp": 1659672653708,
        "eventtype": "DAG_SUBMITTED",
        "eventinfo": {}
      }
    ],
    "domain": "Tez_ATS_application_1659670540238_0001_6",
    "relatedentities": {},
    "primaryfilters": {},
    "otherinfo": {
      "counters": {
        "counterGroups": [
          {
            "counterGroupName": "org.apache.tez.common.counters.DAGCounter",
            "counters": [
              {
                "counterName": "NUM_SUCCEEDED_TASKS",
                "counterValue": 27
              },
              {
                "counterName": "TOTAL_LAUNCHED_TASKS",
                "counterValue": 27
              },
              {
                "counterName": "AM_CPU_MILLISECONDS",
                "counterValue": 2250
              }
            ]
          },
          {
            "counterGroupName": "org.apache.tez.common.counters.FileSystemCounter",
            "counterGroupDisplayName": "File System Counters",
            "counters": [
              {
                "counterName": "FILE_BYTES_READ",
                "counterValue": 39861601
              },
              {
                "counterName": "FILE_BYTES_WRITTEN",
                "counterValue": 58678789
              },
              {
                "counterName": "HDFS_BYTES_READ",
                "counterValue": 501026980
              },
              {
                "counterName": "HDFS_BYTES_WRITTEN",
                "counterValue": 405
              },
              {
                "counterName": "HDFS_READ_OPS",
                "counterValue": 9
              },
              {
                "counterName": "HDFS_WRITE_OPS",
                "counterValue": 2
              }
            ]
          },
          {
            "counterGroupName": "org.apache.tez.common.counters.TaskCounter",
            "counters": [
              {
                "counterName": "REDUCE_INPUT_GROUPS",
                "counterValue": 1890379
              },
              {
                "counterName": "REDUCE_INPUT_RECORDS",
                "counterValue": 1890387
              },
              {
                "counterName": "SPILLED_RECORDS",
                "counterValue": 3780774
              },
              {
                "counterName": "NUM_SHUFFLED_INPUTS",
                "counterValue": 140
              },
              {
                "counterName": "MERGED_MAP_OUTPUTS",
                "counterValue": 140
              },
              {
                "counterName": "GC_TIME_MILLIS",
                "counterValue": 2170
              },
              {
                "counterName": "CPU_MILLISECONDS",
                "counterValue": 54390
              },
              {
                "counterName": "PHYSICAL_MEMORY_BYTES",
                "counterValue": 32975618048
              },
              {
                "counterName": "VIRTUAL_MEMORY_BYTES",
                "counterValue": 118396424192
              },
              {
                "counterName": "COMMITTED_HEAP_BYTES",
                "counterValue": 32975618048
              },
              {
                "counterName": "INPUT_RECORDS_PROCESSED",
                "counterValue": 3327733
              },
              {
                "counterName": "INPUT_SPLIT_LENGTH_BYTES",
                "counterValue": 501018788
              },
              {
                "counterName": "OUTPUT_RECORDS",
                "counterValue": 1890387
              },
              {
                "counterName": "OUTPUT_BYTES",
                "counterValue": 35916599
              },
              {
                "counterName": "OUTPUT_BYTES_WITH_OVERHEAD",
                "counterValue": 39698213
              },
              {
                "counterName": "OUTPUT_BYTES_PHYSICAL",
                "counterValue": 39698773
              },
              {
                "counterName": "ADDITIONAL_SPILLS_BYTES_WRITTEN",
                "counterValue": 18976448
              },
              {
                "counterName": "ADDITIONAL_SPILLS_BYTES_READ",
                "counterValue": 39698293
              },
              {
                "counterName": "SHUFFLE_CHUNK_COUNT",
                "counterValue": 26
              },
              {
                "counterName": "SHUFFLE_BYTES",
                "counterValue": 39698773
              },
              {
                "counterName": "SHUFFLE_BYTES_DECOMPRESSED",
                "counterValue": 39698213
              },
              {
                "counterName": "SHUFFLE_BYTES_TO_MEM",
                "counterValue": 18976928
              },
              {
                "counterName": "SHUFFLE_BYTES_DISK_DIRECT",
                "counterValue": 20721845
              },
              {
                "counterName": "SHUFFLE_PHASE_TIME",
                "counterValue": 1689
              },
              {
                "counterName": "MERGE_PHASE_TIME",
                "counterValue": 9862
              },
              {
                "counterName": "FIRST_EVENT_RECEIVED",
                "counterValue": 580
              },
              {
                "counterName": "LAST_EVENT_RECEIVED",
                "counterValue": 714
              }
            ]
          },
          {
            "counterGroupName": "HIVE",
            "counters": [
              {
                "counterName": "CREATED_FILES",
                "counterValue": 1
              },
              {
                "counterName": "RECORDS_IN_Map_1",
                "counterValue": 3327733
              },
              {
                "counterName": "RECORDS_OUT_0",
                "counterValue": 10
              },
              {
                "counterName": "RECORDS_OUT_INTERMEDIATE_Map_1",
                "counterValue": 3825987
              },
              {
                "counterName": "RECORDS_OUT_INTERMEDIATE_Reducer_2",
                "counterValue": 980
              },
              {
                "counterName": "RECORDS_OUT_OPERATOR_FS_17",
                "counterValue": 10
              },
              {
                "counterName": "RECORDS_OUT_OPERATOR_GBY_11",
                "counterValue": 1890187
              },
              {
                "counterName": "RECORDS_OUT_OPERATOR_GBY_13",
                "counterValue": 1890182
              },
              {
                "counterName": "RECORDS_OUT_OPERATOR_LIM_16",
                "counterValue": 10
              },
              {
                "counterName": "RECORDS_OUT_OPERATOR_RS_12",
                "counterValue": 3825987
              },
              {
                "counterName": "RECORDS_OUT_OPERATOR_RS_14",
                "counterValue": 980
              },
              {
                "counterName": "RECORDS_OUT_OPERATOR_SEL_10",
                "counterValue": 3327733
              },
              {
                "counterName": "RECORDS_OUT_OPERATOR_SEL_15",
                "counterValue": 200
              },
              {
                "counterName": "RECORDS_OUT_OPERATOR_TS_0",
                "counterValue": 3327733
              }
            ]
          },
          {
            "counterGroupName": "org.apache.hadoop.hive.ql.exec.tez.HiveInputCounters",
            "counters": [
              {
                "counterName": "GROUPED_INPUT_SPLITS_Map_1",
                "counterValue": 6
              },
              {
                "counterName": "INPUT_DIRECTORIES_Map_1",
                "counterValue": 1
              },
              {
                "counterName": "INPUT_FILES_Map_1",
                "counterValue": 4
              },
              {
                "counterName": "RAW_INPUT_SPLITS_Map_1",
                "counterValue": 6
              }
            ]
          }
        ]
      },
      "dagPlan": {
        "dagName": "SELECT id_viagem, SUM(valor) as valor F...10 (Stage-1)",
        "dagInfo": "{\"context\":\"Hive\",\"description\":\"SELECT id_viagem, SUM(valor) as valor FROM viagens.pagamentos GROUP BY id_viagem ORDER BY valor DESC LIMIT 10\"}",
        "dagContext": {
          "callerId": "hive_20220805041053_357ba397-e0ae-4349-ac64-4e73fbe5cb86",
          "callerType": "HIVE_QUERY_ID",
          "context": "HIVE",
          "description": "SELECT id_viagem, SUM(valor) as valor FROM viagens.pagamentos GROUP BY id_viagem ORDER BY valor DESC LIMIT 10"
        },
        "version": 2,
        "vertices": [
          {
            "vertexName": "Map 1",
            "processorClass": "org.apache.hadoop.hive.ql.exec.tez.MapTezProcessor",
            "outEdgeIds": [
              "2084864355"
            ],
            "additionalInputs": [
              {
                "name": "pagamentos",
                "class": "org.apache.tez.mapreduce.input.MRInputLegacy",
                "initializer": "org.apache.hadoop.hive.ql.exec.tez.HiveSplitGenerator"
              }
            ]
          },
          {
            "vertexName": "Reducer 2",
            "processorClass": "org.apache.hadoop.hive.ql.exec.tez.ReduceTezProcessor",
            "inEdgeIds": [
              "2084864355"
            ],
            "outEdgeIds": [
              "1889198465"
            ]
          },
          {
            "vertexName": "Reducer 3",
            "processorClass": "org.apache.hadoop.hive.ql.exec.tez.ReduceTezProcessor",
            "inEdgeIds": [
              "1889198465"
            ],
            "additionalOutputs": [
              {
                "name": "out_Reducer 3",
                "class": "org.apache.tez.mapreduce.output.MROutput"
              }
            ]
          }
        ],
        "edges": [
          {
            "edgeId": "1889198465",
            "inputVertexName": "Reducer 2",
            "outputVertexName": "Reducer 3",
            "dataMovementType": "SCATTER_GATHER",
            "dataSourceType": "PERSISTED",
            "schedulingType": "SEQUENTIAL",
            "edgeSourceClass": "org.apache.tez.runtime.library.output.OrderedPartitionedKVOutput",
            "edgeDestinationClass": "org.apache.tez.runtime.library.input.OrderedGroupedKVInput"
          },
          {
            "edgeId": "2084864355",
            "inputVertexName": "Map 1",
            "outputVertexName": "Reducer 2",
            "dataMovementType": "SCATTER_GATHER",
            "dataSourceType": "PERSISTED",
            "schedulingType": "SEQUENTIAL",
            "edgeSourceClass": "org.apache.tez.runtime.library.output.OrderedPartitionedKVOutput",
            "edgeDestinationClass": "org.apache.tez.runtime.library.input.OrderedGroupedKVInput"
          }
        ]
      }
    }
  }
}