{
  "dag": {
    "entitytype": "TEZ_DAG_ID",
    "entity": "dag_1659670540238_0001_6",
    "starttime": 1659672653708,
    "events": [
      {
        "timestamp": 1659672687519,
        "eventtype": "DAG_FINISHED",
        "eventinfo": {}
      },
      {
        "timestamp": 1659672653764,
        "eventtype": "DAG_INITIALIZED",
        "eventinfo": {}
      },
      {
        "timestamp": 1659672653764,
        "eventtype": "DAG_STARTED",
        "eventinfo": {}
      },
      {
        "timestamp": 1659672653708,
        "eventtype": "DAG_SUBMITTED",
        "eventinfo": {}
      }
    ],
    "domain": "Tez_ATS_application_1659670540238_0001_6",
    "relatedentities": {
      "TEZ_DAG_EXTRA_INFO": [
        "dag_1659670540238_0001_6"
      ],
      "TEZ_VERTEX_ID": [
        "vertex_1659670540238_0001_6_00",
        "vertex_1659670540238_0001_6_01",
        "vertex_1659670540238_0001_6_02"
      ]
    },
    "primaryfilters": {
      "dagName": [
        "SELECT id_viagem, SUM(valor) as valor F...10 (Stage-1)"
      ],
      "queueName": [
        "default"
      ],
      "callerId": [
        "hive_20220805041053_357ba397-e0ae-4349-ac64-4e73fbe5cb86"
      ],
      "applicationId": [
        "application_1659670540238_0001"
      ],
      "user": [
        "danielguedesfis"
      ],
      "status": [
        "SUCCEEDED"
      ]
    },
    "otherinfo": {
      "completionApplicationAttemptId": "appattempt_1659670540238_0001_000001",
      "numFailedTaskAttempts": 0,
      "callerContext": "HIVE",
      "numKilledTaskAttempts": 0,
      "numCompletedTasks": 27,
      "amWebServiceVersion": "2",
      "inProgressLogsURL_1": "http://iv5wxb3ymvccdpjxx27gokbpri-dot-southamerica-east1.dataproc.googleusercontent.com:80/gateway/default/node/containerlogs/container_1659670540238_0001_01_000001/danielguedesfis?scheme=http&nm_port=8026&port=8042&host=cluster-hadoop-w-1.southamerica-east1-c.c.river-runner-355919.internal",
      "numSucceededTasks": 27,
      "vertexNameIdMapping": {
        "Map 1": "vertex_1659670540238_0001_6_00",
        "Reducer 2": "vertex_1659670540238_0001_6_01",
        "Reducer 3": "vertex_1659670540238_0001_6_02"
      },
      "numFailedTasks": 0,
      "timeTaken": 33755,
      "diagnostics": "",
      "queueName": "default",
      "applicationAttemptId": "appattempt_1659670540238_0001_000001",
      "callerType": "HIVE_QUERY_ID",
      "startTime": 1659672653764,
      "callerId": "hive_20220805041053_357ba397-e0ae-4349-ac64-4e73fbe5cb86",
      "endTime": 1659672687519,
      "applicationId": "application_1659670540238_0001",
      "numKilledTasks": 0,
      "initTime": 1659672653764,
      "user": "danielguedesfis",
      "status": "SUCCEEDED"
    }
  }
}