{
  "vertices": [
    {
      "entitytype": "TEZ_VERTEX_ID",
      "entity": "vertex_1659670540238_0001_6_00",
      "starttime": 1659672653889,
      "events": [
        {
          "timestamp": 1659672671768,
          "eventtype": "VERTEX_FINISHED",
          "eventinfo": {}
        },
        {
          "timestamp": 1659672653889,
          "eventtype": "VERTEX_CONFIGURE_DONE",
          "eventinfo": {
            "numTasks": 6
          }
        },
        {
          "timestamp": 1659672653889,
          "eventtype": "VERTEX_INITIALIZED",
          "eventinfo": {}
        },
        {
          "timestamp": 1659672653889,
          "eventtype": "VERTEX_STARTED",
          "eventinfo": {}
        }
      ],
      "domain": "Tez_ATS_application_1659670540238_0001_6",
      "relatedentities": {},
      "primaryfilters": {
        "TEZ_DAG_ID": [
          "dag_1659670540238_0001_6"
        ],
        "applicationId": [
          "application_1659670540238_0001"
        ],
        "status": [
          "SUCCEEDED"
        ]
      },
      "otherinfo": {
        "numTasks": 6,
        "numFailedTaskAttempts": 0,
        "processorClassName": "org.apache.hadoop.hive.ql.exec.tez.MapTezProcessor",
        "numKilledTaskAttempts": 0,
        "servicePlugin": {
          "taskSchedulerName": "TezYarn",
          "taskSchedulerClassName": "org.apache.tez.dag.app.rm.YarnTaskSchedulerService",
          "taskCommunicatorName": "TezYarn",
          "taskCommunicatorClassName": "org.apache.tez.dag.app.TezTaskCommunicatorImpl",
          "containerLauncherName": "TezYarn",
          "containerLauncherClassName": "org.apache.tez.dag.app.launcher.TezContainerLauncherImpl"
        },
        "vertexName": "Map 1",
        "counters": {
          "counterGroups": [
            {
              "counterGroupName": "org.apache.tez.common.counters.FileSystemCounter",
              "counterGroupDisplayName": "File System Counters",
              "counters": [
                {
                  "counterName": "FILE_BYTES_READ",
                  "counterValue": 5856
                },
                {
                  "counterName": "FILE_BYTES_WRITTEN",
                  "counterValue": 39697991
                },
                {
                  "counterName": "HDFS_BYTES_READ",
                  "counterValue": 501026980
                },
                {
                  "counterName": "HDFS_READ_OPS",
                  "counterValue": 6
                }
              ]
            },
            {
              "counterGroupName": "org.apache.tez.common.counters.TaskCounter",
              "counters": [
                {
                  "counterName": "SPILLED_RECORDS",
                  "counterValue": 1890187
                },
                {
                  "counterName": "GC_TIME_MILLIS",
                  "counterValue": 1714
                },
                {
                  "counterName": "CPU_MILLISECONDS",
                  "counterValue": 34640
                },
                {
                  "counterName": "PHYSICAL_MEMORY_BYTES",
                  "counterValue": 4788846592
                },
                {
                  "counterName": "VIRTUAL_MEMORY_BYTES",
                  "counterValue": 26271133696
                },
                {
                  "counterName": "COMMITTED_HEAP_BYTES",
                  "counterValue": 4788846592
                },
                {
                  "counterName": "INPUT_RECORDS_PROCESSED",
                  "counterValue": 3327733
                },
                {
                  "counterName": "INPUT_SPLIT_LENGTH_BYTES",
                  "counterValue": 501018788
                },
                {
                  "counterName": "OUTPUT_RECORDS",
                  "counterValue": 1890187
                },
                {
                  "counterName": "OUTPUT_BYTES",
                  "counterValue": 35913489
                },
                {
                  "counterName": "OUTPUT_BYTES_WITH_OVERHEAD",
                  "counterValue": 39694583
                },
                {
                  "counterName": "OUTPUT_BYTES_PHYSICAL",
                  "counterValue": 39695063
                },
                {
                  "counterName": "SHUFFLE_CHUNK_COUNT",
                  "counterValue": 6
                }
              ]
            },
            {
              "counterGroupName": "HIVE",
              "counters": [
                {
                  "counterName": "RECORDS_IN_Map_1",
                  "counterValue": 3327733
                },
                {
                  "counterName": "RECORDS_OUT_INTERMEDIATE_Map_1",
                  "counterValue": 3825987
                },
                {
                  "counterName": "RECORDS_OUT_OPERATOR_GBY_11",
                  "counterValue": 1890187
                },
                {
                  "counterName": "RECORDS_OUT_OPERATOR_RS_12",
                  "counterValue": 3825987
                },
                {
                  "counterName": "RECORDS_OUT_OPERATOR_SEL_10",
                  "counterValue": 3327733
                },
                {
                  "counterName": "RECORDS_OUT_OPERATOR_TS_0",
                  "counterValue": 3327733
                }
              ]
            },
            {
              "counterGroupName": "org.apache.hadoop.hive.ql.exec.tez.HiveInputCounters",
              "counters": [
                {
                  "counterName": "GROUPED_INPUT_SPLITS_Map_1",
                  "counterValue": 6
                },
                {
                  "counterName": "INPUT_DIRECTORIES_Map_1",
                  "counterValue": 1
                },
                {
                  "counterName": "INPUT_FILES_Map_1",
                  "counterValue": 4
                },
                {
                  "counterName": "RAW_INPUT_SPLITS_Map_1",
                  "counterValue": 6
                }
              ]
            }
          ]
        },
        "numCompletedTasks": 6,
        "numSucceededTasks": 6,
        "numFailedTasks": 0,
        "initRequestedTime": 1659672653765,
        "startRequestedTime": 1659672653800,
        "timeTaken": 17879,
        "diagnostics": "",
        "stats": {
          "firstTaskStartTime": 1659672659249,
          "firstTasksToStart": [
            "task_1659670540238_0001_6_00_000003"
          ],
          "lastTaskFinishTime": 1659672671767,
          "lastTasksToFinish": [
            "task_1659670540238_0001_6_00_000004"
          ],
          "minTaskDuration": 1268,
          "maxTaskDuration": 12096,
          "avgTaskDuration": 5777.333333333333,
          "shortestDurationTasks": [
            "task_1659670540238_0001_6_00_000001"
          ],
          "longestDurationTasks": [
            "task_1659670540238_0001_6_00_000004"
          ]
        },
        "startTime": 1659672653889,
        "endTime": 1659672671768,
        "numKilledTasks": 0,
        "initTime": 1659672653889,
        "status": "SUCCEEDED"
      }
    },
    {
      "entitytype": "TEZ_VERTEX_ID",
      "entity": "vertex_1659670540238_0001_6_02",
      "starttime": 1659672653850,
      "events": [
        {
          "timestamp": 1659672687517,
          "eventtype": "VERTEX_FINISHED",
          "eventinfo": {}
        },
        {
          "timestamp": 1659672653901,
          "eventtype": "VERTEX_STARTED",
          "eventinfo": {}
        },
        {
          "timestamp": 1659672653850,
          "eventtype": "VERTEX_CONFIGURE_DONE",
          "eventinfo": {
            "numTasks": 1,
            "updatedEdgeManagers": {
              "Reducer 2": {
                "schedulingType": "SEQUENTIAL",
                "edgeSourceClass": "org.apache.tez.runtime.library.output.OrderedPartitionedKVOutput",
                "dataMovementType": "SCATTER_GATHER",
                "edgeDestinationClass": "org.apache.tez.runtime.library.input.OrderedGroupedKVInput",
                "dataSourceType": "PERSISTED"
              }
            }
          }
        },
        {
          "timestamp": 1659672653850,
          "eventtype": "VERTEX_INITIALIZED",
          "eventinfo": {}
        }
      ],
      "domain": "Tez_ATS_application_1659670540238_0001_6",
      "relatedentities": {},
      "primaryfilters": {
        "TEZ_DAG_ID": [
          "dag_1659670540238_0001_6"
        ],
        "applicationId": [
          "application_1659670540238_0001"
        ],
        "status": [
          "SUCCEEDED"
        ]
      },
      "otherinfo": {
        "numTasks": 1,
        "numFailedTaskAttempts": 0,
        "processorClassName": "org.apache.hadoop.hive.ql.exec.tez.ReduceTezProcessor",
        "numKilledTaskAttempts": 0,
        "servicePlugin": {
          "taskSchedulerName": "TezYarn",
          "taskSchedulerClassName": "org.apache.tez.dag.app.rm.YarnTaskSchedulerService",
          "taskCommunicatorName": "TezYarn",
          "taskCommunicatorClassName": "org.apache.tez.dag.app.TezTaskCommunicatorImpl",
          "containerLauncherName": "TezYarn",
          "containerLauncherClassName": "org.apache.tez.dag.app.launcher.TezContainerLauncherImpl"
        },
        "vertexName": "Reducer 3",
        "counters": {
          "counterGroups": [
            {
              "counterGroupName": "org.apache.tez.common.counters.FileSystemCounter",
              "counterGroupDisplayName": "File System Counters",
              "counters": [
                {
                  "counterName": "FILE_BYTES_READ",
                  "counterValue": 3847
                },
                {
                  "counterName": "FILE_BYTES_WRITTEN",
                  "counterValue": 2109
                },
                {
                  "counterName": "HDFS_BYTES_WRITTEN",
                  "counterValue": 405
                },
                {
                  "counterName": "HDFS_READ_OPS",
                  "counterValue": 3
                },
                {
                  "counterName": "HDFS_WRITE_OPS",
                  "counterValue": 2
                }
              ]
            },
            {
              "counterGroupName": "org.apache.tez.common.counters.TaskCounter",
              "counters": [
                {
                  "counterName": "REDUCE_INPUT_GROUPS",
                  "counterValue": 197
                },
                {
                  "counterName": "REDUCE_INPUT_RECORDS",
                  "counterValue": 200
                },
                {
                  "counterName": "SPILLED_RECORDS",
                  "counterValue": 200
                },
                {
                  "counterName": "NUM_SHUFFLED_INPUTS",
                  "counterValue": 20
                },
                {
                  "counterName": "MERGED_MAP_OUTPUTS",
                  "counterValue": 20
                },
                {
                  "counterName": "CPU_MILLISECONDS",
                  "counterValue": 820
                },
                {
                  "counterName": "PHYSICAL_MEMORY_BYTES",
                  "counterValue": 1384644608
                },
                {
                  "counterName": "VIRTUAL_MEMORY_BYTES",
                  "counterValue": 4388728832
                },
                {
                  "counterName": "COMMITTED_HEAP_BYTES",
                  "counterValue": 1384644608
                },
                {
                  "counterName": "ADDITIONAL_SPILLS_BYTES_WRITTEN",
                  "counterValue": 2109
                },
                {
                  "counterName": "ADDITIONAL_SPILLS_BYTES_READ",
                  "counterValue": 3591
                },
                {
                  "counterName": "SHUFFLE_BYTES",
                  "counterValue": 3710
                },
                {
                  "counterName": "SHUFFLE_BYTES_DECOMPRESSED",
                  "counterValue": 3630
                },
                {
                  "counterName": "SHUFFLE_BYTES_TO_MEM",
                  "counterValue": 2228
                },
                {
                  "counterName": "SHUFFLE_BYTES_DISK_DIRECT",
                  "counterValue": 1482
                },
                {
                  "counterName": "SHUFFLE_PHASE_TIME",
                  "counterValue": 129
                },
                {
                  "counterName": "MERGE_PHASE_TIME",
                  "counterValue": 140
                },
                {
                  "counterName": "FIRST_EVENT_RECEIVED",
                  "counterValue": 12
                },
                {
                  "counterName": "LAST_EVENT_RECEIVED",
                  "counterValue": 12
                }
              ]
            },
            {
              "counterGroupName": "HIVE",
              "counters": [
                {
                  "counterName": "CREATED_FILES",
                  "counterValue": 1
                },
                {
                  "counterName": "RECORDS_OUT_0",
                  "counterValue": 10
                },
                {
                  "counterName": "RECORDS_OUT_OPERATOR_FS_17",
                  "counterValue": 10
                },
                {
                  "counterName": "RECORDS_OUT_OPERATOR_LIM_16",
                  "counterValue": 10
                },
                {
                  "counterName": "RECORDS_OUT_OPERATOR_SEL_15",
                  "counterValue": 200
                }
              ]
            }
          ]
        },
        "numCompletedTasks": 1,
        "numSucceededTasks": 1,
        "numFailedTasks": 0,
        "initRequestedTime": 1659672653816,
        "startRequestedTime": 1659672653901,
        "timeTaken": 33616,
        "diagnostics": "",
        "stats": {
          "firstTaskStartTime": 1659672686365,
          "firstTasksToStart": [
            "task_1659670540238_0001_6_02_000000"
          ],
          "lastTaskFinishTime": 1659672687516,
          "lastTasksToFinish": [
            "task_1659670540238_0001_6_02_000000"
          ],
          "minTaskDuration": 1151,
          "maxTaskDuration": 1151,
          "avgTaskDuration": 1151,
          "shortestDurationTasks": [
            "task_1659670540238_0001_6_02_000000"
          ],
          "longestDurationTasks": [
            "task_1659670540238_0001_6_02_000000"
          ]
        },
        "startTime": 1659672653901,
        "endTime": 1659672687517,
        "numKilledTasks": 0,
        "initTime": 1659672653850,
        "status": "SUCCEEDED"
      }
    },
    {
      "entitytype": "TEZ_VERTEX_ID",
      "entity": "vertex_1659670540238_0001_6_01",
      "starttime": 1659672653816,
      "events": [
        {
          "timestamp": 1659672686038,
          "eventtype": "VERTEX_FINISHED",
          "eventinfo": {}
        },
        {
          "timestamp": 1659672653889,
          "eventtype": "VERTEX_STARTED",
          "eventinfo": {}
        },
        {
          "timestamp": 1659672653816,
          "eventtype": "VERTEX_CONFIGURE_DONE",
          "eventinfo": {
            "numTasks": 20,
            "updatedEdgeManagers": {
              "Map 1": {
                "schedulingType": "SEQUENTIAL",
                "edgeSourceClass": "org.apache.tez.runtime.library.output.OrderedPartitionedKVOutput",
                "dataMovementType": "SCATTER_GATHER",
                "edgeDestinationClass": "org.apache.tez.runtime.library.input.OrderedGroupedKVInput",
                "dataSourceType": "PERSISTED"
              }
            }
          }
        },
        {
          "timestamp": 1659672653816,
          "eventtype": "VERTEX_INITIALIZED",
          "eventinfo": {}
        }
      ],
      "domain": "Tez_ATS_application_1659670540238_0001_6",
      "relatedentities": {},
      "primaryfilters": {
        "TEZ_DAG_ID": [
          "dag_1659670540238_0001_6"
        ],
        "applicationId": [
          "application_1659670540238_0001"
        ],
        "status": [
          "SUCCEEDED"
        ]
      },
      "otherinfo": {
        "numTasks": 20,
        "numFailedTaskAttempts": 0,
        "processorClassName": "org.apache.hadoop.hive.ql.exec.tez.ReduceTezProcessor",
        "numKilledTaskAttempts": 0,
        "servicePlugin": {
          "taskSchedulerName": "TezYarn",
          "taskSchedulerClassName": "org.apache.tez.dag.app.rm.YarnTaskSchedulerService",
          "taskCommunicatorName": "TezYarn",
          "taskCommunicatorClassName": "org.apache.tez.dag.app.TezTaskCommunicatorImpl",
          "containerLauncherName": "TezYarn",
          "containerLauncherClassName": "org.apache.tez.dag.app.launcher.TezContainerLauncherImpl"
        },
        "vertexName": "Reducer 2",
        "counters": {
          "counterGroups": [
            {
              "counterGroupName": "org.apache.tez.common.counters.FileSystemCounter",
              "counterGroupDisplayName": "File System Counters",
              "counters": [
                {
                  "counterName": "FILE_BYTES_READ",
                  "counterValue": 39851898
                },
                {
                  "counterName": "FILE_BYTES_WRITTEN",
                  "counterValue": 18978689
                }
              ]
            },
            {
              "counterGroupName": "org.apache.tez.common.counters.TaskCounter",
              "counters": [
                {
                  "counterName": "REDUCE_INPUT_GROUPS",
                  "counterValue": 1890182
                },
                {
                  "counterName": "REDUCE_INPUT_RECORDS",
                  "counterValue": 1890187
                },
                {
                  "counterName": "SPILLED_RECORDS",
                  "counterValue": 1890387
                },
                {
                  "counterName": "NUM_SHUFFLED_INPUTS",
                  "counterValue": 120
                },
                {
                  "counterName": "MERGED_MAP_OUTPUTS",
                  "counterValue": 120
                },
                {
                  "counterName": "GC_TIME_MILLIS",
                  "counterValue": 456
                },
                {
                  "counterName": "CPU_MILLISECONDS",
                  "counterValue": 18930
                },
                {
                  "counterName": "PHYSICAL_MEMORY_BYTES",
                  "counterValue": 26802126848
                },
                {
                  "counterName": "VIRTUAL_MEMORY_BYTES",
                  "counterValue": 87736561664
                },
                {
                  "counterName": "COMMITTED_HEAP_BYTES",
                  "counterValue": 26802126848
                },
                {
                  "counterName": "OUTPUT_RECORDS",
                  "counterValue": 200
                },
                {
                  "counterName": "OUTPUT_BYTES",
                  "counterValue": 3110
                },
                {
                  "counterName": "OUTPUT_BYTES_WITH_OVERHEAD",
                  "counterValue": 3630
                },
                {
                  "counterName": "OUTPUT_BYTES_PHYSICAL",
                  "counterValue": 3710
                },
                {
                  "counterName": "ADDITIONAL_SPILLS_BYTES_WRITTEN",
                  "counterValue": 18974339
                },
                {
                  "counterName": "ADDITIONAL_SPILLS_BYTES_READ",
                  "counterValue": 39694702
                },
                {
                  "counterName": "SHUFFLE_CHUNK_COUNT",
                  "counterValue": 20
                },
                {
                  "counterName": "SHUFFLE_BYTES",
                  "counterValue": 39695063
                },
                {
                  "counterName": "SHUFFLE_BYTES_DECOMPRESSED",
                  "counterValue": 39694583
                },
                {
                  "counterName": "SHUFFLE_BYTES_TO_MEM",
                  "counterValue": 18974700
                },
                {
                  "counterName": "SHUFFLE_BYTES_DISK_DIRECT",
                  "counterValue": 20720363
                },
                {
                  "counterName": "SHUFFLE_PHASE_TIME",
                  "counterValue": 1560
                },
                {
                  "counterName": "MERGE_PHASE_TIME",
                  "counterValue": 9722
                },
                {
                  "counterName": "FIRST_EVENT_RECEIVED",
                  "counterValue": 568
                },
                {
                  "counterName": "LAST_EVENT_RECEIVED",
                  "counterValue": 702
                }
              ]
            },
            {
              "counterGroupName": "HIVE",
              "counters": [
                {
                  "counterName": "RECORDS_OUT_INTERMEDIATE_Reducer_2",
                  "counterValue": 980
                },
                {
                  "counterName": "RECORDS_OUT_OPERATOR_GBY_13",
                  "counterValue": 1890182
                },
                {
                  "counterName": "RECORDS_OUT_OPERATOR_RS_14",
                  "counterValue": 980
                }
              ]
            }
          ]
        },
        "numCompletedTasks": 20,
        "numSucceededTasks": 20,
        "numFailedTasks": 0,
        "initRequestedTime": 1659672653800,
        "startRequestedTime": 1659672653889,
        "timeTaken": 32149,
        "diagnostics": "",
        "stats": {
          "firstTaskStartTime": 1659672671785,
          "firstTasksToStart": [
            "task_1659670540238_0001_6_01_000002"
          ],
          "lastTaskFinishTime": 1659672684842,
          "lastTasksToFinish": [
            "task_1659670540238_0001_6_01_000018"
          ],
          "minTaskDuration": 279,
          "maxTaskDuration": 7415,
          "avgTaskDuration": 1592.2,
          "shortestDurationTasks": [
            "task_1659670540238_0001_6_01_000016"
          ],
          "longestDurationTasks": [
            "task_1659670540238_0001_6_01_000017"
          ]
        },
        "startTime": 1659672653889,
        "endTime": 1659672686038,
        "numKilledTasks": 0,
        "initTime": 1659672653816,
        "status": "SUCCEEDED"
      }
    }
  ]
}