{
  "dag": {
    "entitytype": "TEZ_DAG_ID",
    "entity": "dag_1659670540238_0001_4",
    "starttime": 1659672243138,
    "events": [
      {
        "timestamp": 1659672284199,
        "eventtype": "DAG_FINISHED",
        "eventinfo": {}
      },
      {
        "timestamp": 1659672243197,
        "eventtype": "DAG_STARTED",
        "eventinfo": {}
      },
      {
        "timestamp": 1659672243196,
        "eventtype": "DAG_INITIALIZED",
        "eventinfo": {}
      },
      {
        "timestamp": 1659672243138,
        "eventtype": "DAG_SUBMITTED",
        "eventinfo": {}
      }
    ],
    "domain": "Tez_ATS_application_1659670540238_0001_4",
    "relatedentities": {
      "TEZ_DAG_EXTRA_INFO": [
        "dag_1659670540238_0001_4"
      ],
      "TEZ_VERTEX_ID": [
        "vertex_1659670540238_0001_4_00",
        "vertex_1659670540238_0001_4_02",
        "vertex_1659670540238_0001_4_01"
      ]
    },
    "primaryfilters": {
      "dagName": [
        "SELECT COUNT(*) AS viagens_internaciona...id (Stage-1)"
      ],
      "queueName": [
        "default"
      ],
      "callerId": [
        "hive_20220805040402_5575160a-ce9b-4b31-b857-bd5fdce8d96c"
      ],
      "applicationId": [
        "application_1659670540238_0001"
      ],
      "user": [
        "danielguedesfis"
      ],
      "status": [
        "SUCCEEDED"
      ]
    },
    "otherinfo": {
      "completionApplicationAttemptId": "appattempt_1659670540238_0001_000001",
      "numFailedTaskAttempts": 0,
      "callerContext": "HIVE",
      "numKilledTaskAttempts": 0,
      "numCompletedTasks": 66,
      "amWebServiceVersion": "2",
      "inProgressLogsURL_1": "http://iv5wxb3ymvccdpjxx27gokbpri-dot-southamerica-east1.dataproc.googleusercontent.com:80/gateway/default/node/containerlogs/container_1659670540238_0001_01_000001/danielguedesfis?scheme=http&nm_port=8026&port=8042&host=cluster-hadoop-w-1.southamerica-east1-c.c.river-runner-355919.internal",
      "numSucceededTasks": 66,
      "vertexNameIdMapping": {
        "Map 1": "vertex_1659670540238_0001_4_00",
        "Reducer 2": "vertex_1659670540238_0001_4_01",
        "Reducer 3": "vertex_1659670540238_0001_4_02"
      },
      "numFailedTasks": 0,
      "timeTaken": 41002,
      "diagnostics": "",
      "queueName": "default",
      "applicationAttemptId": "appattempt_1659670540238_0001_000001",
      "callerType": "HIVE_QUERY_ID",
      "startTime": 1659672243197,
      "callerId": "hive_20220805040402_5575160a-ce9b-4b31-b857-bd5fdce8d96c",
      "endTime": 1659672284199,
      "applicationId": "application_1659670540238_0001",
      "numKilledTasks": 0,
      "initTime": 1659672243196,
      "user": "danielguedesfis",
      "status": "SUCCEEDED"
    }
  }
}