{
  "vertices": [
    {
      "entitytype": "TEZ_VERTEX_ID",
      "entity": "vertex_1659670540238_0001_4_00",
      "starttime": 1659672243659,
      "events": [
        {
          "timestamp": 1659672278279,
          "eventtype": "VERTEX_FINISHED",
          "eventinfo": {}
        },
        {
          "timestamp": 1659672243659,
          "eventtype": "VERTEX_CONFIGURE_DONE",
          "eventinfo": {
            "numTasks": 6
          }
        },
        {
          "timestamp": 1659672243659,
          "eventtype": "VERTEX_INITIALIZED",
          "eventinfo": {}
        },
        {
          "timestamp": 1659672243659,
          "eventtype": "VERTEX_STARTED",
          "eventinfo": {}
        }
      ],
      "domain": "Tez_ATS_application_1659670540238_0001_4",
      "relatedentities": {},
      "primaryfilters": {
        "TEZ_DAG_ID": [
          "dag_1659670540238_0001_4"
        ],
        "applicationId": [
          "application_1659670540238_0001"
        ],
        "status": [
          "SUCCEEDED"
        ]
      },
      "otherinfo": {
        "numTasks": 6,
        "numFailedTaskAttempts": 0,
        "processorClassName": "org.apache.hadoop.hive.ql.exec.tez.MapTezProcessor",
        "numKilledTaskAttempts": 0,
        "servicePlugin": {
          "taskSchedulerName": "TezYarn",
          "taskSchedulerClassName": "org.apache.tez.dag.app.rm.YarnTaskSchedulerService",
          "taskCommunicatorName": "TezYarn",
          "taskCommunicatorClassName": "org.apache.tez.dag.app.TezTaskCommunicatorImpl",
          "containerLauncherName": "TezYarn",
          "containerLauncherClassName": "org.apache.tez.dag.app.launcher.TezContainerLauncherImpl"
        },
        "vertexName": "Map 1",
        "counters": {
          "counterGroups": [
            {
              "counterGroupName": "org.apache.tez.common.counters.FileSystemCounter",
              "counterGroupDisplayName": "File System Counters",
              "counters": [
                {
                  "counterName": "FILE_BYTES_READ",
                  "counterValue": 17088
                },
                {
                  "counterName": "FILE_BYTES_WRITTEN",
                  "counterValue": 608356
                },
                {
                  "counterName": "HDFS_BYTES_READ",
                  "counterValue": 1487849118
                },
                {
                  "counterName": "HDFS_READ_OPS",
                  "counterValue": 14
                }
              ]
            },
            {
              "counterGroupName": "org.apache.tez.common.counters.TaskCounter",
              "counters": [
                {
                  "counterName": "SPILLED_RECORDS",
                  "counterValue": 74534
                },
                {
                  "counterName": "GC_TIME_MILLIS",
                  "counterValue": 2813
                },
                {
                  "counterName": "CPU_MILLISECONDS",
                  "counterValue": 42410
                },
                {
                  "counterName": "PHYSICAL_MEMORY_BYTES",
                  "counterValue": 4768923648
                },
                {
                  "counterName": "VIRTUAL_MEMORY_BYTES",
                  "counterValue": 26319273984
                },
                {
                  "counterName": "COMMITTED_HEAP_BYTES",
                  "counterValue": 4768923648
                },
                {
                  "counterName": "INPUT_RECORDS_PROCESSED",
                  "counterValue": 10781494
                },
                {
                  "counterName": "INPUT_SPLIT_LENGTH_BYTES",
                  "counterValue": 1487824542
                },
                {
                  "counterName": "OUTPUT_RECORDS",
                  "counterValue": 74534
                },
                {
                  "counterName": "OUTPUT_BYTES",
                  "counterValue": 447204
                },
                {
                  "counterName": "OUTPUT_BYTES_WITH_OVERHEAD",
                  "counterValue": 598396
                },
                {
                  "counterName": "OUTPUT_BYTES_PHYSICAL",
                  "counterValue": 599812
                },
                {
                  "counterName": "SHUFFLE_CHUNK_COUNT",
                  "counterValue": 6
                }
              ]
            },
            {
              "counterGroupName": "HIVE",
              "counters": [
                {
                  "counterName": "RECORDS_IN_Map_1",
                  "counterValue": 10779154
                },
                {
                  "counterName": "RECORDS_OUT_INTERMEDIATE_Map_1",
                  "counterValue": 159506
                },
                {
                  "counterName": "RECORDS_OUT_OPERATOR_FIL_14",
                  "counterValue": 101238
                },
                {
                  "counterName": "RECORDS_OUT_OPERATOR_GBY_16",
                  "counterValue": 74534
                },
                {
                  "counterName": "RECORDS_OUT_OPERATOR_RS_17",
                  "counterValue": 159506
                },
                {
                  "counterName": "RECORDS_OUT_OPERATOR_SEL_15",
                  "counterValue": 101238
                },
                {
                  "counterName": "RECORDS_OUT_OPERATOR_TS_0",
                  "counterValue": 10781494
                }
              ]
            },
            {
              "counterGroupName": "org.apache.hadoop.hive.ql.exec.tez.HiveInputCounters",
              "counters": [
                {
                  "counterName": "GROUPED_INPUT_SPLITS_Map_1",
                  "counterValue": 6
                },
                {
                  "counterName": "INPUT_DIRECTORIES_Map_1",
                  "counterValue": 1
                },
                {
                  "counterName": "INPUT_FILES_Map_1",
                  "counterValue": 8
                },
                {
                  "counterName": "RAW_INPUT_SPLITS_Map_1",
                  "counterValue": 14
                }
              ]
            }
          ]
        },
        "numCompletedTasks": 6,
        "numSucceededTasks": 6,
        "numFailedTasks": 0,
        "initRequestedTime": 1659672243197,
        "startRequestedTime": 1659672243540,
        "timeTaken": 34620,
        "diagnostics": "",
        "stats": {
          "firstTaskStartTime": 1659672248995,
          "firstTasksToStart": [
            "task_1659670540238_0001_4_00_000001"
          ],
          "lastTaskFinishTime": 1659672278278,
          "lastTasksToFinish": [
            "task_1659670540238_0001_4_00_000000"
          ],
          "minTaskDuration": 3313,
          "maxTaskDuration": 23987,
          "avgTaskDuration": 11791.5,
          "shortestDurationTasks": [
            "task_1659670540238_0001_4_00_000004"
          ],
          "longestDurationTasks": [
            "task_1659670540238_0001_4_00_000000"
          ]
        },
        "startTime": 1659672243659,
        "endTime": 1659672278279,
        "numKilledTasks": 0,
        "initTime": 1659672243659,
        "status": "SUCCEEDED"
      }
    },
    {
      "entitytype": "TEZ_VERTEX_ID",
      "entity": "vertex_1659670540238_0001_4_02",
      "starttime": 1659672243612,
      "events": [
        {
          "timestamp": 1659672284193,
          "eventtype": "VERTEX_FINISHED",
          "eventinfo": {}
        },
        {
          "timestamp": 1659672243660,
          "eventtype": "VERTEX_STARTED",
          "eventinfo": {}
        },
        {
          "timestamp": 1659672243612,
          "eventtype": "VERTEX_CONFIGURE_DONE",
          "eventinfo": {
            "numTasks": 1,
            "updatedEdgeManagers": {
              "Reducer 2": {
                "schedulingType": "SEQUENTIAL",
                "edgeSourceClass": "org.apache.tez.runtime.library.output.UnorderedPartitionedKVOutput",
                "dataMovementType": "SCATTER_GATHER",
                "edgeDestinationClass": "org.apache.tez.runtime.library.input.UnorderedKVInput",
                "dataSourceType": "PERSISTED"
              }
            }
          }
        },
        {
          "timestamp": 1659672243612,
          "eventtype": "VERTEX_INITIALIZED",
          "eventinfo": {}
        }
      ],
      "domain": "Tez_ATS_application_1659670540238_0001_4",
      "relatedentities": {},
      "primaryfilters": {
        "TEZ_DAG_ID": [
          "dag_1659670540238_0001_4"
        ],
        "applicationId": [
          "application_1659670540238_0001"
        ],
        "status": [
          "SUCCEEDED"
        ]
      },
      "otherinfo": {
        "numTasks": 1,
        "numFailedTaskAttempts": 0,
        "processorClassName": "org.apache.hadoop.hive.ql.exec.tez.ReduceTezProcessor",
        "numKilledTaskAttempts": 0,
        "servicePlugin": {
          "taskSchedulerName": "TezYarn",
          "taskSchedulerClassName": "org.apache.tez.dag.app.rm.YarnTaskSchedulerService",
          "taskCommunicatorName": "TezYarn",
          "taskCommunicatorClassName": "org.apache.tez.dag.app.TezTaskCommunicatorImpl",
          "containerLauncherName": "TezYarn",
          "containerLauncherClassName": "org.apache.tez.dag.app.launcher.TezContainerLauncherImpl"
        },
        "vertexName": "Reducer 3",
        "counters": {
          "counterGroups": [
            {
              "counterGroupName": "org.apache.tez.common.counters.FileSystemCounter",
              "counterGroupDisplayName": "File System Counters",
              "counters": [
                {
                  "counterName": "FILE_BYTES_READ",
                  "counterValue": 1617
                },
                {
                  "counterName": "HDFS_BYTES_WRITTEN",
                  "counterValue": 105
                },
                {
                  "counterName": "HDFS_READ_OPS",
                  "counterValue": 3
                },
                {
                  "counterName": "HDFS_WRITE_OPS",
                  "counterValue": 2
                }
              ]
            },
            {
              "counterGroupName": "org.apache.tez.common.counters.TaskCounter",
              "counters": [
                {
                  "counterName": "NUM_SHUFFLED_INPUTS",
                  "counterValue": 59
                },
                {
                  "counterName": "CPU_MILLISECONDS",
                  "counterValue": 660
                },
                {
                  "counterName": "PHYSICAL_MEMORY_BYTES",
                  "counterValue": 544735232
                },
                {
                  "counterName": "VIRTUAL_MEMORY_BYTES",
                  "counterValue": 4396941312
                },
                {
                  "counterName": "COMMITTED_HEAP_BYTES",
                  "counterValue": 544735232
                },
                {
                  "counterName": "INPUT_RECORDS_PROCESSED",
                  "counterValue": 59
                },
                {
                  "counterName": "SHUFFLE_BYTES",
                  "counterValue": 1003
                },
                {
                  "counterName": "SHUFFLE_BYTES_DECOMPRESSED",
                  "counterValue": 767
                },
                {
                  "counterName": "SHUFFLE_BYTES_TO_MEM",
                  "counterValue": 442
                },
                {
                  "counterName": "SHUFFLE_BYTES_DISK_DIRECT",
                  "counterValue": 561
                },
                {
                  "counterName": "SHUFFLE_PHASE_TIME",
                  "counterValue": 295
                },
                {
                  "counterName": "FIRST_EVENT_RECEIVED",
                  "counterValue": 41
                },
                {
                  "counterName": "LAST_EVENT_RECEIVED",
                  "counterValue": 79
                }
              ]
            },
            {
              "counterGroupName": "HIVE",
              "counters": [
                {
                  "counterName": "CREATED_FILES",
                  "counterValue": 1
                },
                {
                  "counterName": "RECORDS_OUT_0",
                  "counterValue": 1
                },
                {
                  "counterName": "RECORDS_OUT_OPERATOR_FS_23",
                  "counterValue": 1
                },
                {
                  "counterName": "RECORDS_OUT_OPERATOR_GBY_22",
                  "counterValue": 1
                }
              ]
            }
          ]
        },
        "numCompletedTasks": 1,
        "numSucceededTasks": 1,
        "numFailedTasks": 0,
        "initRequestedTime": 1659672243575,
        "startRequestedTime": 1659672243660,
        "timeTaken": 40533,
        "diagnostics": "",
        "stats": {
          "firstTaskStartTime": 1659672283323,
          "firstTasksToStart": [
            "task_1659670540238_0001_4_02_000000"
          ],
          "lastTaskFinishTime": 1659672284193,
          "lastTasksToFinish": [
            "task_1659670540238_0001_4_02_000000"
          ],
          "minTaskDuration": 870,
          "maxTaskDuration": 870,
          "avgTaskDuration": 870,
          "shortestDurationTasks": [
            "task_1659670540238_0001_4_02_000000"
          ],
          "longestDurationTasks": [
            "task_1659670540238_0001_4_02_000000"
          ]
        },
        "startTime": 1659672243660,
        "endTime": 1659672284193,
        "numKilledTasks": 0,
        "initTime": 1659672243612,
        "status": "SUCCEEDED"
      }
    },
    {
      "entitytype": "TEZ_VERTEX_ID",
      "entity": "vertex_1659670540238_0001_4_01",
      "starttime": 1659672243575,
      "events": [
        {
          "timestamp": 1659672283363,
          "eventtype": "VERTEX_FINISHED",
          "eventinfo": {}
        },
        {
          "timestamp": 1659672243659,
          "eventtype": "VERTEX_STARTED",
          "eventinfo": {}
        },
        {
          "timestamp": 1659672243575,
          "eventtype": "VERTEX_CONFIGURE_DONE",
          "eventinfo": {
            "numTasks": 59,
            "updatedEdgeManagers": {
              "Map 1": {
                "schedulingType": "SEQUENTIAL",
                "edgeSourceClass": "org.apache.tez.runtime.library.output.OrderedPartitionedKVOutput",
                "dataMovementType": "SCATTER_GATHER",
                "edgeDestinationClass": "org.apache.tez.runtime.library.input.OrderedGroupedKVInput",
                "dataSourceType": "PERSISTED"
              }
            }
          }
        },
        {
          "timestamp": 1659672243575,
          "eventtype": "VERTEX_INITIALIZED",
          "eventinfo": {}
        }
      ],
      "domain": "Tez_ATS_application_1659670540238_0001_4",
      "relatedentities": {},
      "primaryfilters": {
        "TEZ_DAG_ID": [
          "dag_1659670540238_0001_4"
        ],
        "applicationId": [
          "application_1659670540238_0001"
        ],
        "status": [
          "SUCCEEDED"
        ]
      },
      "otherinfo": {
        "numTasks": 59,
        "numFailedTaskAttempts": 0,
        "processorClassName": "org.apache.hadoop.hive.ql.exec.tez.ReduceTezProcessor",
        "numKilledTaskAttempts": 0,
        "servicePlugin": {
          "taskSchedulerName": "TezYarn",
          "taskSchedulerClassName": "org.apache.tez.dag.app.rm.YarnTaskSchedulerService",
          "taskCommunicatorName": "TezYarn",
          "taskCommunicatorClassName": "org.apache.tez.dag.app.TezTaskCommunicatorImpl",
          "containerLauncherName": "TezYarn",
          "containerLauncherClassName": "org.apache.tez.dag.app.launcher.TezContainerLauncherImpl"
        },
        "vertexName": "Reducer 2",
        "counters": {
          "counterGroups": [
            {
              "counterGroupName": "org.apache.tez.common.counters.FileSystemCounter",
              "counterGroupDisplayName": "File System Counters",
              "counters": [
                {
                  "counterName": "FILE_BYTES_READ",
                  "counterValue": 1214116
                },
                {
                  "counterName": "FILE_BYTES_WRITTEN",
                  "counterValue": 303929
                }
              ]
            },
            {
              "counterGroupName": "org.apache.tez.common.counters.TaskCounter",
              "counters": [
                {
                  "counterName": "REDUCE_INPUT_GROUPS",
                  "counterValue": 50574
                },
                {
                  "counterName": "REDUCE_INPUT_RECORDS",
                  "counterValue": 74534
                },
                {
                  "counterName": "SPILLED_RECORDS",
                  "counterValue": 74534
                },
                {
                  "counterName": "NUM_SHUFFLED_INPUTS",
                  "counterValue": 354
                },
                {
                  "counterName": "MERGED_MAP_OUTPUTS",
                  "counterValue": 354
                },
                {
                  "counterName": "GC_TIME_MILLIS",
                  "counterValue": 331
                },
                {
                  "counterName": "CPU_MILLISECONDS",
                  "counterValue": 8920
                },
                {
                  "counterName": "PHYSICAL_MEMORY_BYTES",
                  "counterValue": 52873396224
                },
                {
                  "counterName": "VIRTUAL_MEMORY_BYTES",
                  "counterValue": 259478396928
                },
                {
                  "counterName": "COMMITTED_HEAP_BYTES",
                  "counterValue": 52873396224
                },
                {
                  "counterName": "OUTPUT_RECORDS",
                  "counterValue": 59
                },
                {
                  "counterName": "OUTPUT_BYTES",
                  "counterValue": 295
                },
                {
                  "counterName": "OUTPUT_BYTES_WITH_OVERHEAD",
                  "counterValue": 767
                },
                {
                  "counterName": "OUTPUT_BYTES_PHYSICAL",
                  "counterValue": 2419
                },
                {
                  "counterName": "ADDITIONAL_SPILLS_BYTES_WRITTEN",
                  "counterValue": 301038
                },
                {
                  "counterName": "ADDITIONAL_SPILLS_BYTES_READ",
                  "counterValue": 598562
                },
                {
                  "counterName": "SHUFFLE_BYTES",
                  "counterValue": 599812
                },
                {
                  "counterName": "SHUFFLE_BYTES_DECOMPRESSED",
                  "counterValue": 598396
                },
                {
                  "counterName": "SHUFFLE_BYTES_TO_MEM",
                  "counterValue": 302288
                },
                {
                  "counterName": "SHUFFLE_BYTES_DISK_DIRECT",
                  "counterValue": 297524
                },
                {
                  "counterName": "SHUFFLE_PHASE_TIME",
                  "counterValue": 4956
                },
                {
                  "counterName": "MERGE_PHASE_TIME",
                  "counterValue": 5732
                },
                {
                  "counterName": "FIRST_EVENT_RECEIVED",
                  "counterValue": 1799
                },
                {
                  "counterName": "LAST_EVENT_RECEIVED",
                  "counterValue": 1937
                }
              ]
            },
            {
              "counterGroupName": "HIVE",
              "counters": [
                {
                  "counterName": "RECORDS_OUT_INTERMEDIATE_Reducer_2",
                  "counterValue": 640
                },
                {
                  "counterName": "RECORDS_OUT_OPERATOR_GBY_18",
                  "counterValue": 50574
                },
                {
                  "counterName": "RECORDS_OUT_OPERATOR_GBY_20",
                  "counterValue": 59
                },
                {
                  "counterName": "RECORDS_OUT_OPERATOR_RS_21",
                  "counterValue": 640
                },
                {
                  "counterName": "RECORDS_OUT_OPERATOR_SEL_19",
                  "counterValue": 50574
                }
              ]
            }
          ]
        },
        "numCompletedTasks": 59,
        "numSucceededTasks": 59,
        "numFailedTasks": 0,
        "initRequestedTime": 1659672243540,
        "startRequestedTime": 1659672243659,
        "timeTaken": 39704,
        "diagnostics": "",
        "stats": {
          "firstTaskStartTime": 1659672278303,
          "firstTasksToStart": [
            "task_1659670540238_0001_4_01_000002"
          ],
          "lastTaskFinishTime": 1659672283362,
          "lastTasksToFinish": [
            "task_1659670540238_0001_4_01_000058"
          ],
          "minTaskDuration": 80,
          "maxTaskDuration": 1252,
          "avgTaskDuration": 240.42372881355925,
          "shortestDurationTasks": [
            "task_1659670540238_0001_4_01_000057"
          ],
          "longestDurationTasks": [
            "task_1659670540238_0001_4_01_000002"
          ]
        },
        "startTime": 1659672243659,
        "endTime": 1659672283363,
        "numKilledTasks": 0,
        "initTime": 1659672243575,
        "status": "SUCCEEDED"
      }
    }
  ]
}