{
  "dag-extra-info": {
    "entitytype": "TEZ_DAG_EXTRA_INFO",
    "entity": "dag_1659670540238_0001_5",
    "starttime": 1659672398049,
    "events": [
      {
        "timestamp": 1659672429182,
        "eventtype": "DAG_FINISHED",
        "eventinfo": {}
      },
      {
        "timestamp": 1659672398049,
        "eventtype": "DAG_SUBMITTED",
        "eventinfo": {}
      }
    ],
    "domain": "Tez_ATS_application_1659670540238_0001_5",
    "relatedentities": {},
    "primaryfilters": {},
    "otherinfo": {
      "counters": {
        "counterGroups": [
          {
            "counterGroupName": "org.apache.tez.common.counters.DAGCounter",
            "counters": [
              {
                "counterName": "NUM_SUCCEEDED_TASKS",
                "counterValue": 66
              },
              {
                "counterName": "TOTAL_LAUNCHED_TASKS",
                "counterValue": 66
              },
              {
                "counterName": "AM_CPU_MILLISECONDS",
                "counterValue": 3080
              },
              {
                "counterName": "AM_GC_TIME_MILLIS",
                "counterValue": 23
              }
            ]
          },
          {
            "counterGroupName": "org.apache.tez.common.counters.FileSystemCounter",
            "counterGroupDisplayName": "File System Counters",
            "counters": [
              {
                "counterName": "FILE_BYTES_READ",
                "counterValue": 23881421
              },
              {
                "counterName": "FILE_BYTES_WRITTEN",
                "counterValue": 34504933
              },
              {
                "counterName": "HDFS_BYTES_READ",
                "counterValue": 1487849118
              },
              {
                "counterName": "HDFS_BYTES_WRITTEN",
                "counterValue": 107
              },
              {
                "counterName": "HDFS_READ_OPS",
                "counterValue": 17
              },
              {
                "counterName": "HDFS_WRITE_OPS",
                "counterValue": 2
              }
            ]
          },
          {
            "counterGroupName": "org.apache.tez.common.counters.TaskCounter",
            "counters": [
              {
                "counterName": "REDUCE_INPUT_GROUPS",
                "counterValue": 2137809
              },
              {
                "counterName": "REDUCE_INPUT_RECORDS",
                "counterValue": 2917277
              },
              {
                "counterName": "SPILLED_RECORDS",
                "counterValue": 5834554
              },
              {
                "counterName": "NUM_SHUFFLED_INPUTS",
                "counterValue": 413
              },
              {
                "counterName": "MERGED_MAP_OUTPUTS",
                "counterValue": 354
              },
              {
                "counterName": "GC_TIME_MILLIS",
                "counterValue": 5613
              },
              {
                "counterName": "CPU_MILLISECONDS",
                "counterValue": 68090
              },
              {
                "counterName": "PHYSICAL_MEMORY_BYTES",
                "counterValue": 76966002688
              },
              {
                "counterName": "VIRTUAL_MEMORY_BYTES",
                "counterValue": 289954729984
              },
              {
                "counterName": "COMMITTED_HEAP_BYTES",
                "counterValue": 76966002688
              },
              {
                "counterName": "INPUT_RECORDS_PROCESSED",
                "counterValue": 10781553
              },
              {
                "counterName": "INPUT_SPLIT_LENGTH_BYTES",
                "counterValue": 1487824542
              },
              {
                "counterName": "OUTPUT_RECORDS",
                "counterValue": 2917336
              },
              {
                "counterName": "OUTPUT_BYTES",
                "counterValue": 17503957
              },
              {
                "counterName": "OUTPUT_BYTES_WITH_OVERHEAD",
                "counterValue": 23341107
              },
              {
                "counterName": "OUTPUT_BYTES_PHYSICAL",
                "counterValue": 23344175
              },
              {
                "counterName": "ADDITIONAL_SPILLS_BYTES_WRITTEN",
                "counterValue": 11151742
              },
              {
                "counterName": "ADDITIONAL_SPILLS_BYTES_READ",
                "counterValue": 23340706
              },
              {
                "counterName": "SHUFFLE_CHUNK_COUNT",
                "counterValue": 6
              },
              {
                "counterName": "SHUFFLE_BYTES",
                "counterValue": 23342759
              },
              {
                "counterName": "SHUFFLE_BYTES_DECOMPRESSED",
                "counterValue": 23341107
              },
              {
                "counterName": "SHUFFLE_BYTES_TO_MEM",
                "counterValue": 11153404
              },
              {
                "counterName": "SHUFFLE_BYTES_DISK_DIRECT",
                "counterValue": 12189355
              },
              {
                "counterName": "SHUFFLE_PHASE_TIME",
                "counterValue": 3621
              },
              {
                "counterName": "MERGE_PHASE_TIME",
                "counterValue": 6639
              },
              {
                "counterName": "FIRST_EVENT_RECEIVED",
                "counterValue": 1349
              },
              {
                "counterName": "LAST_EVENT_RECEIVED",
                "counterValue": 1414
              }
            ]
          },
          {
            "counterGroupName": "HIVE",
            "counters": [
              {
                "counterName": "CREATED_FILES",
                "counterValue": 1
              },
              {
                "counterName": "RECORDS_IN_Map_1",
                "counterValue": 10779154
              },
              {
                "counterName": "RECORDS_OUT_0",
                "counterValue": 1
              },
              {
                "counterName": "RECORDS_OUT_INTERMEDIATE_Map_1",
                "counterValue": 6230706
              },
              {
                "counterName": "RECORDS_OUT_INTERMEDIATE_Reducer_2",
                "counterValue": 810
              },
              {
                "counterName": "RECORDS_OUT_OPERATOR_FIL_14",
                "counterValue": 10527130
              },
              {
                "counterName": "RECORDS_OUT_OPERATOR_FS_23",
                "counterValue": 1
              },
              {
                "counterName": "RECORDS_OUT_OPERATOR_GBY_16",
                "counterValue": 2917277
              },
              {
                "counterName": "RECORDS_OUT_OPERATOR_GBY_18",
                "counterValue": 2137809
              },
              {
                "counterName": "RECORDS_OUT_OPERATOR_GBY_20",
                "counterValue": 59
              },
              {
                "counterName": "RECORDS_OUT_OPERATOR_GBY_22",
                "counterValue": 1
              },
              {
                "counterName": "RECORDS_OUT_OPERATOR_RS_17",
                "counterValue": 6230706
              },
              {
                "counterName": "RECORDS_OUT_OPERATOR_RS_21",
                "counterValue": 810
              },
              {
                "counterName": "RECORDS_OUT_OPERATOR_SEL_15",
                "counterValue": 10527130
              },
              {
                "counterName": "RECORDS_OUT_OPERATOR_SEL_19",
                "counterValue": 2137809
              },
              {
                "counterName": "RECORDS_OUT_OPERATOR_TS_0",
                "counterValue": 10781494
              }
            ]
          },
          {
            "counterGroupName": "org.apache.hadoop.hive.ql.exec.tez.HiveInputCounters",
            "counters": [
              {
                "counterName": "GROUPED_INPUT_SPLITS_Map_1",
                "counterValue": 6
              },
              {
                "counterName": "INPUT_DIRECTORIES_Map_1",
                "counterValue": 1
              },
              {
                "counterName": "INPUT_FILES_Map_1",
                "counterValue": 8
              },
              {
                "counterName": "RAW_INPUT_SPLITS_Map_1",
                "counterValue": 14
              }
            ]
          }
        ]
      },
      "dagPlan": {
        "dagName": "SELECT COUNT(*) AS viagens_nacionais FR...id (Stage-1)",
        "dagInfo": "{\"context\":\"Hive\",\"description\":\"SELECT COUNT(*) AS viagens_nacionais FROM (SELECT id_viagem FROM viagens.trechos WHERE origem_pais = 'Brasil' AND destino_pais = 'Brasil' GROUP BY id_viagem) id\"}",
        "dagContext": {
          "callerId": "hive_20220805040637_2b175c07-5c9d-429c-8fad-50523cca8446",
          "callerType": "HIVE_QUERY_ID",
          "context": "HIVE",
          "description": "SELECT COUNT(*) AS viagens_nacionais FROM (SELECT id_viagem FROM viagens.trechos WHERE origem_pais = 'Brasil' AND destino_pais = 'Brasil' GROUP BY id_viagem) id"
        },
        "version": 2,
        "vertices": [
          {
            "vertexName": "Map 1",
            "processorClass": "org.apache.hadoop.hive.ql.exec.tez.MapTezProcessor",
            "outEdgeIds": [
              "1875059908"
            ],
            "additionalInputs": [
              {
                "name": "trechos",
                "class": "org.apache.tez.mapreduce.input.MRInputLegacy",
                "initializer": "org.apache.hadoop.hive.ql.exec.tez.HiveSplitGenerator"
              }
            ]
          },
          {
            "vertexName": "Reducer 2",
            "processorClass": "org.apache.hadoop.hive.ql.exec.tez.ReduceTezProcessor",
            "inEdgeIds": [
              "1875059908"
            ],
            "outEdgeIds": [
              "1538322986"
            ]
          },
          {
            "vertexName": "Reducer 3",
            "processorClass": "org.apache.hadoop.hive.ql.exec.tez.ReduceTezProcessor",
            "inEdgeIds": [
              "1538322986"
            ],
            "additionalOutputs": [
              {
                "name": "out_Reducer 3",
                "class": "org.apache.tez.mapreduce.output.MROutput"
              }
            ]
          }
        ],
        "edges": [
          {
            "edgeId": "1538322986",
            "inputVertexName": "Reducer 2",
            "outputVertexName": "Reducer 3",
            "dataMovementType": "SCATTER_GATHER",
            "dataSourceType": "PERSISTED",
            "schedulingType": "SEQUENTIAL",
            "edgeSourceClass": "org.apache.tez.runtime.library.output.UnorderedPartitionedKVOutput",
            "edgeDestinationClass": "org.apache.tez.runtime.library.input.UnorderedKVInput"
          },
          {
            "edgeId": "1875059908",
            "inputVertexName": "Map 1",
            "outputVertexName": "Reducer 2",
            "dataMovementType": "SCATTER_GATHER",
            "dataSourceType": "PERSISTED",
            "schedulingType": "SEQUENTIAL",
            "edgeSourceClass": "org.apache.tez.runtime.library.output.OrderedPartitionedKVOutput",
            "edgeDestinationClass": "org.apache.tez.runtime.library.input.OrderedGroupedKVInput"
          }
        ]
      }
    }
  }
}