{
  "vertices": [
    {
      "entitytype": "TEZ_VERTEX_ID",
      "entity": "vertex_1659670540238_0001_5_00",
      "starttime": 1659672398273,
      "events": [
        {
          "timestamp": 1659672422335,
          "eventtype": "VERTEX_FINISHED",
          "eventinfo": {}
        },
        {
          "timestamp": 1659672398273,
          "eventtype": "VERTEX_CONFIGURE_DONE",
          "eventinfo": {
            "numTasks": 6
          }
        },
        {
          "timestamp": 1659672398273,
          "eventtype": "VERTEX_INITIALIZED",
          "eventinfo": {}
        },
        {
          "timestamp": 1659672398273,
          "eventtype": "VERTEX_STARTED",
          "eventinfo": {}
        }
      ],
      "domain": "Tez_ATS_application_1659670540238_0001_5",
      "relatedentities": {},
      "primaryfilters": {
        "TEZ_DAG_ID": [
          "dag_1659670540238_0001_5"
        ],
        "applicationId": [
          "application_1659670540238_0001"
        ],
        "status": [
          "SUCCEEDED"
        ]
      },
      "otherinfo": {
        "numTasks": 6,
        "numFailedTaskAttempts": 0,
        "processorClassName": "org.apache.hadoop.hive.ql.exec.tez.MapTezProcessor",
        "numKilledTaskAttempts": 0,
        "servicePlugin": {
          "taskSchedulerName": "TezYarn",
          "taskSchedulerClassName": "org.apache.tez.dag.app.rm.YarnTaskSchedulerService",
          "taskCommunicatorName": "TezYarn",
          "taskCommunicatorClassName": "org.apache.tez.dag.app.TezTaskCommunicatorImpl",
          "containerLauncherName": "TezYarn",
          "containerLauncherClassName": "org.apache.tez.dag.app.launcher.TezContainerLauncherImpl"
        },
        "vertexName": "Map 1",
        "counters": {
          "counterGroups": [
            {
              "counterGroupName": "org.apache.tez.common.counters.FileSystemCounter",
              "counterGroupDisplayName": "File System Counters",
              "counters": [
                {
                  "counterName": "FILE_BYTES_READ",
                  "counterValue": 17088
                },
                {
                  "counterName": "FILE_BYTES_WRITTEN",
                  "counterValue": 23350300
                },
                {
                  "counterName": "HDFS_BYTES_READ",
                  "counterValue": 1487849118
                },
                {
                  "counterName": "HDFS_READ_OPS",
                  "counterValue": 14
                }
              ]
            },
            {
              "counterGroupName": "org.apache.tez.common.counters.TaskCounter",
              "counters": [
                {
                  "counterName": "SPILLED_RECORDS",
                  "counterValue": 2917277
                },
                {
                  "counterName": "GC_TIME_MILLIS",
                  "counterValue": 5340
                },
                {
                  "counterName": "CPU_MILLISECONDS",
                  "counterValue": 51400
                },
                {
                  "counterName": "PHYSICAL_MEMORY_BYTES",
                  "counterValue": 5696913408
                },
                {
                  "counterName": "VIRTUAL_MEMORY_BYTES",
                  "counterValue": 26310860800
                },
                {
                  "counterName": "COMMITTED_HEAP_BYTES",
                  "counterValue": 5696913408
                },
                {
                  "counterName": "INPUT_RECORDS_PROCESSED",
                  "counterValue": 10781494
                },
                {
                  "counterName": "INPUT_SPLIT_LENGTH_BYTES",
                  "counterValue": 1487824542
                },
                {
                  "counterName": "OUTPUT_RECORDS",
                  "counterValue": 2917277
                },
                {
                  "counterName": "OUTPUT_BYTES",
                  "counterValue": 17503662
                },
                {
                  "counterName": "OUTPUT_BYTES_WITH_OVERHEAD",
                  "counterValue": 23340340
                },
                {
                  "counterName": "OUTPUT_BYTES_PHYSICAL",
                  "counterValue": 23341756
                },
                {
                  "counterName": "SHUFFLE_CHUNK_COUNT",
                  "counterValue": 6
                }
              ]
            },
            {
              "counterGroupName": "HIVE",
              "counters": [
                {
                  "counterName": "RECORDS_IN_Map_1",
                  "counterValue": 10779154
                },
                {
                  "counterName": "RECORDS_OUT_INTERMEDIATE_Map_1",
                  "counterValue": 6230706
                },
                {
                  "counterName": "RECORDS_OUT_OPERATOR_FIL_14",
                  "counterValue": 10527130
                },
                {
                  "counterName": "RECORDS_OUT_OPERATOR_GBY_16",
                  "counterValue": 2917277
                },
                {
                  "counterName": "RECORDS_OUT_OPERATOR_RS_17",
                  "counterValue": 6230706
                },
                {
                  "counterName": "RECORDS_OUT_OPERATOR_SEL_15",
                  "counterValue": 10527130
                },
                {
                  "counterName": "RECORDS_OUT_OPERATOR_TS_0",
                  "counterValue": 10781494
                }
              ]
            },
            {
              "counterGroupName": "org.apache.hadoop.hive.ql.exec.tez.HiveInputCounters",
              "counters": [
                {
                  "counterName": "GROUPED_INPUT_SPLITS_Map_1",
                  "counterValue": 6
                },
                {
                  "counterName": "INPUT_DIRECTORIES_Map_1",
                  "counterValue": 1
                },
                {
                  "counterName": "INPUT_FILES_Map_1",
                  "counterValue": 8
                },
                {
                  "counterName": "RAW_INPUT_SPLITS_Map_1",
                  "counterValue": 14
                }
              ]
            }
          ]
        },
        "numCompletedTasks": 6,
        "numSucceededTasks": 6,
        "numFailedTasks": 0,
        "initRequestedTime": 1659672398112,
        "startRequestedTime": 1659672398152,
        "timeTaken": 24062,
        "diagnostics": "",
        "stats": {
          "firstTaskStartTime": 1659672402170,
          "firstTasksToStart": [
            "task_1659670540238_0001_5_00_000001"
          ],
          "lastTaskFinishTime": 1659672422334,
          "lastTasksToFinish": [
            "task_1659670540238_0001_5_00_000000"
          ],
          "minTaskDuration": 2699,
          "maxTaskDuration": 18046,
          "avgTaskDuration": 8792.5,
          "shortestDurationTasks": [
            "task_1659670540238_0001_5_00_000005"
          ],
          "longestDurationTasks": [
            "task_1659670540238_0001_5_00_000000"
          ]
        },
        "startTime": 1659672398273,
        "endTime": 1659672422335,
        "numKilledTasks": 0,
        "initTime": 1659672398273,
        "status": "SUCCEEDED"
      }
    },
    {
      "entitytype": "TEZ_VERTEX_ID",
      "entity": "vertex_1659670540238_0001_5_02",
      "starttime": 1659672398246,
      "events": [
        {
          "timestamp": 1659672429175,
          "eventtype": "VERTEX_FINISHED",
          "eventinfo": {}
        },
        {
          "timestamp": 1659672398277,
          "eventtype": "VERTEX_STARTED",
          "eventinfo": {}
        },
        {
          "timestamp": 1659672398250,
          "eventtype": "VERTEX_INITIALIZED",
          "eventinfo": {}
        },
        {
          "timestamp": 1659672398246,
          "eventtype": "VERTEX_CONFIGURE_DONE",
          "eventinfo": {
            "numTasks": 1,
            "updatedEdgeManagers": {
              "Reducer 2": {
                "schedulingType": "SEQUENTIAL",
                "edgeSourceClass": "org.apache.tez.runtime.library.output.UnorderedPartitionedKVOutput",
                "dataMovementType": "SCATTER_GATHER",
                "edgeDestinationClass": "org.apache.tez.runtime.library.input.UnorderedKVInput",
                "dataSourceType": "PERSISTED"
              }
            }
          }
        }
      ],
      "domain": "Tez_ATS_application_1659670540238_0001_5",
      "relatedentities": {},
      "primaryfilters": {
        "TEZ_DAG_ID": [
          "dag_1659670540238_0001_5"
        ],
        "applicationId": [
          "application_1659670540238_0001"
        ],
        "status": [
          "SUCCEEDED"
        ]
      },
      "otherinfo": {
        "numTasks": 1,
        "numFailedTaskAttempts": 0,
        "processorClassName": "org.apache.hadoop.hive.ql.exec.tez.ReduceTezProcessor",
        "numKilledTaskAttempts": 0,
        "servicePlugin": {
          "taskSchedulerName": "TezYarn",
          "taskSchedulerClassName": "org.apache.tez.dag.app.rm.YarnTaskSchedulerService",
          "taskCommunicatorName": "TezYarn",
          "taskCommunicatorClassName": "org.apache.tez.dag.app.TezTaskCommunicatorImpl",
          "containerLauncherName": "TezYarn",
          "containerLauncherClassName": "org.apache.tez.dag.app.launcher.TezContainerLauncherImpl"
        },
        "vertexName": "Reducer 3",
        "counters": {
          "counterGroups": [
            {
              "counterGroupName": "org.apache.tez.common.counters.FileSystemCounter",
              "counterGroupDisplayName": "File System Counters",
              "counters": [
                {
                  "counterName": "FILE_BYTES_READ",
                  "counterValue": 1127
                },
                {
                  "counterName": "HDFS_BYTES_WRITTEN",
                  "counterValue": 107
                },
                {
                  "counterName": "HDFS_READ_OPS",
                  "counterValue": 3
                },
                {
                  "counterName": "HDFS_WRITE_OPS",
                  "counterValue": 2
                }
              ]
            },
            {
              "counterGroupName": "org.apache.tez.common.counters.TaskCounter",
              "counters": [
                {
                  "counterName": "NUM_SHUFFLED_INPUTS",
                  "counterValue": 59
                },
                {
                  "counterName": "CPU_MILLISECONDS",
                  "counterValue": 680
                },
                {
                  "counterName": "PHYSICAL_MEMORY_BYTES",
                  "counterValue": 589824000
                },
                {
                  "counterName": "VIRTUAL_MEMORY_BYTES",
                  "counterValue": 4404203520
                },
                {
                  "counterName": "COMMITTED_HEAP_BYTES",
                  "counterValue": 589824000
                },
                {
                  "counterName": "INPUT_RECORDS_PROCESSED",
                  "counterValue": 59
                },
                {
                  "counterName": "SHUFFLE_BYTES",
                  "counterValue": 1003
                },
                {
                  "counterName": "SHUFFLE_BYTES_DECOMPRESSED",
                  "counterValue": 767
                },
                {
                  "counterName": "SHUFFLE_BYTES_TO_MEM",
                  "counterValue": 612
                },
                {
                  "counterName": "SHUFFLE_BYTES_DISK_DIRECT",
                  "counterValue": 391
                },
                {
                  "counterName": "SHUFFLE_PHASE_TIME",
                  "counterValue": 168
                },
                {
                  "counterName": "FIRST_EVENT_RECEIVED",
                  "counterValue": 20
                },
                {
                  "counterName": "LAST_EVENT_RECEIVED",
                  "counterValue": 48
                }
              ]
            },
            {
              "counterGroupName": "HIVE",
              "counters": [
                {
                  "counterName": "CREATED_FILES",
                  "counterValue": 1
                },
                {
                  "counterName": "RECORDS_OUT_0",
                  "counterValue": 1
                },
                {
                  "counterName": "RECORDS_OUT_OPERATOR_FS_23",
                  "counterValue": 1
                },
                {
                  "counterName": "RECORDS_OUT_OPERATOR_GBY_22",
                  "counterValue": 1
                }
              ]
            }
          ]
        },
        "numCompletedTasks": 1,
        "numSucceededTasks": 1,
        "numFailedTasks": 0,
        "initRequestedTime": 1659672398203,
        "startRequestedTime": 1659672398277,
        "timeTaken": 30898,
        "diagnostics": "",
        "stats": {
          "firstTaskStartTime": 1659672428676,
          "firstTasksToStart": [
            "task_1659670540238_0001_5_02_000000"
          ],
          "lastTaskFinishTime": 1659672429175,
          "lastTasksToFinish": [
            "task_1659670540238_0001_5_02_000000"
          ],
          "minTaskDuration": 499,
          "maxTaskDuration": 499,
          "avgTaskDuration": 499,
          "shortestDurationTasks": [
            "task_1659670540238_0001_5_02_000000"
          ],
          "longestDurationTasks": [
            "task_1659670540238_0001_5_02_000000"
          ]
        },
        "startTime": 1659672398277,
        "endTime": 1659672429175,
        "numKilledTasks": 0,
        "initTime": 1659672398250,
        "status": "SUCCEEDED"
      }
    },
    {
      "entitytype": "TEZ_VERTEX_ID",
      "entity": "vertex_1659670540238_0001_5_01",
      "starttime": 1659672398202,
      "events": [
        {
          "timestamp": 1659672428760,
          "eventtype": "VERTEX_FINISHED",
          "eventinfo": {}
        },
        {
          "timestamp": 1659672398273,
          "eventtype": "VERTEX_STARTED",
          "eventinfo": {}
        },
        {
          "timestamp": 1659672398202,
          "eventtype": "VERTEX_CONFIGURE_DONE",
          "eventinfo": {
            "numTasks": 59,
            "updatedEdgeManagers": {
              "Map 1": {
                "schedulingType": "SEQUENTIAL",
                "edgeSourceClass": "org.apache.tez.runtime.library.output.OrderedPartitionedKVOutput",
                "dataMovementType": "SCATTER_GATHER",
                "edgeDestinationClass": "org.apache.tez.runtime.library.input.OrderedGroupedKVInput",
                "dataSourceType": "PERSISTED"
              }
            }
          }
        },
        {
          "timestamp": 1659672398202,
          "eventtype": "VERTEX_INITIALIZED",
          "eventinfo": {}
        }
      ],
      "domain": "Tez_ATS_application_1659670540238_0001_5",
      "relatedentities": {},
      "primaryfilters": {
        "TEZ_DAG_ID": [
          "dag_1659670540238_0001_5"
        ],
        "applicationId": [
          "application_1659670540238_0001"
        ],
        "status": [
          "SUCCEEDED"
        ]
      },
      "otherinfo": {
        "numTasks": 59,
        "numFailedTaskAttempts": 0,
        "processorClassName": "org.apache.hadoop.hive.ql.exec.tez.ReduceTezProcessor",
        "numKilledTaskAttempts": 0,
        "servicePlugin": {
          "taskSchedulerName": "TezYarn",
          "taskSchedulerClassName": "org.apache.tez.dag.app.rm.YarnTaskSchedulerService",
          "taskCommunicatorName": "TezYarn",
          "taskCommunicatorClassName": "org.apache.tez.dag.app.TezTaskCommunicatorImpl",
          "containerLauncherName": "TezYarn",
          "containerLauncherClassName": "org.apache.tez.dag.app.launcher.TezContainerLauncherImpl"
        },
        "vertexName": "Reducer 2",
        "counters": {
          "counterGroups": [
            {
              "counterGroupName": "org.apache.tez.common.counters.FileSystemCounter",
              "counterGroupDisplayName": "File System Counters",
              "counters": [
                {
                  "counterName": "FILE_BYTES_READ",
                  "counterValue": 23863206
                },
                {
                  "counterName": "FILE_BYTES_WRITTEN",
                  "counterValue": 11154633
                }
              ]
            },
            {
              "counterGroupName": "org.apache.tez.common.counters.TaskCounter",
              "counters": [
                {
                  "counterName": "REDUCE_INPUT_GROUPS",
                  "counterValue": 2137809
                },
                {
                  "counterName": "REDUCE_INPUT_RECORDS",
                  "counterValue": 2917277
                },
                {
                  "counterName": "SPILLED_RECORDS",
                  "counterValue": 2917277
                },
                {
                  "counterName": "NUM_SHUFFLED_INPUTS",
                  "counterValue": 354
                },
                {
                  "counterName": "MERGED_MAP_OUTPUTS",
                  "counterValue": 354
                },
                {
                  "counterName": "GC_TIME_MILLIS",
                  "counterValue": 273
                },
                {
                  "counterName": "CPU_MILLISECONDS",
                  "counterValue": 16010
                },
                {
                  "counterName": "PHYSICAL_MEMORY_BYTES",
                  "counterValue": 70679265280
                },
                {
                  "counterName": "VIRTUAL_MEMORY_BYTES",
                  "counterValue": 259239665664
                },
                {
                  "counterName": "COMMITTED_HEAP_BYTES",
                  "counterValue": 70679265280
                },
                {
                  "counterName": "OUTPUT_RECORDS",
                  "counterValue": 59
                },
                {
                  "counterName": "OUTPUT_BYTES",
                  "counterValue": 295
                },
                {
                  "counterName": "OUTPUT_BYTES_WITH_OVERHEAD",
                  "counterValue": 767
                },
                {
                  "counterName": "OUTPUT_BYTES_PHYSICAL",
                  "counterValue": 2419
                },
                {
                  "counterName": "ADDITIONAL_SPILLS_BYTES_WRITTEN",
                  "counterValue": 11151742
                },
                {
                  "counterName": "ADDITIONAL_SPILLS_BYTES_READ",
                  "counterValue": 23340706
                },
                {
                  "counterName": "SHUFFLE_BYTES",
                  "counterValue": 23341756
                },
                {
                  "counterName": "SHUFFLE_BYTES_DECOMPRESSED",
                  "counterValue": 23340340
                },
                {
                  "counterName": "SHUFFLE_BYTES_TO_MEM",
                  "counterValue": 11152792
                },
                {
                  "counterName": "SHUFFLE_BYTES_DISK_DIRECT",
                  "counterValue": 12188964
                },
                {
                  "counterName": "SHUFFLE_PHASE_TIME",
                  "counterValue": 3453
                },
                {
                  "counterName": "MERGE_PHASE_TIME",
                  "counterValue": 6639
                },
                {
                  "counterName": "FIRST_EVENT_RECEIVED",
                  "counterValue": 1329
                },
                {
                  "counterName": "LAST_EVENT_RECEIVED",
                  "counterValue": 1366
                }
              ]
            },
            {
              "counterGroupName": "HIVE",
              "counters": [
                {
                  "counterName": "RECORDS_OUT_INTERMEDIATE_Reducer_2",
                  "counterValue": 810
                },
                {
                  "counterName": "RECORDS_OUT_OPERATOR_GBY_18",
                  "counterValue": 2137809
                },
                {
                  "counterName": "RECORDS_OUT_OPERATOR_GBY_20",
                  "counterValue": 59
                },
                {
                  "counterName": "RECORDS_OUT_OPERATOR_RS_21",
                  "counterValue": 810
                },
                {
                  "counterName": "RECORDS_OUT_OPERATOR_SEL_19",
                  "counterValue": 2137809
                }
              ]
            }
          ]
        },
        "numCompletedTasks": 59,
        "numSucceededTasks": 59,
        "numFailedTasks": 0,
        "initRequestedTime": 1659672398152,
        "startRequestedTime": 1659672398273,
        "timeTaken": 30487,
        "diagnostics": "",
        "stats": {
          "firstTaskStartTime": 1659672422354,
          "firstTasksToStart": [
            "task_1659670540238_0001_5_01_000002"
          ],
          "lastTaskFinishTime": 1659672428760,
          "lastTasksToFinish": [
            "task_1659670540238_0001_5_01_000058"
          ],
          "minTaskDuration": 73,
          "maxTaskDuration": 1678,
          "avgTaskDuration": 312.6271186440679,
          "shortestDurationTasks": [
            "task_1659670540238_0001_5_01_000043"
          ],
          "longestDurationTasks": [
            "task_1659670540238_0001_5_01_000001"
          ]
        },
        "startTime": 1659672398273,
        "endTime": 1659672428760,
        "numKilledTasks": 0,
        "initTime": 1659672398202,
        "status": "SUCCEEDED"
      }
    }
  ]
}