{
  "dag-extra-info": {
    "entitytype": "TEZ_DAG_EXTRA_INFO",
    "entity": "dag_1659670540238_0001_1",
    "starttime": 1659671626938,
    "events": [
      {
        "timestamp": 1659671680244,
        "eventtype": "DAG_FINISHED",
        "eventinfo": {}
      },
      {
        "timestamp": 1659671626938,
        "eventtype": "DAG_SUBMITTED",
        "eventinfo": {}
      }
    ],
    "domain": "Tez_ATS_application_1659670540238_0001_1",
    "relatedentities": {},
    "primaryfilters": {},
    "otherinfo": {
      "counters": {
        "counterGroups": [
          {
            "counterGroupName": "org.apache.tez.common.counters.DAGCounter",
            "counters": [
              {
                "counterName": "NUM_SUCCEEDED_TASKS",
                "counterValue": 27
              },
              {
                "counterName": "TOTAL_LAUNCHED_TASKS",
                "counterValue": 27
              },
              {
                "counterName": "AM_CPU_MILLISECONDS",
                "counterValue": 7880
              },
              {
                "counterName": "AM_GC_TIME_MILLIS",
                "counterValue": 1004
              }
            ]
          },
          {
            "counterGroupName": "org.apache.tez.common.counters.FileSystemCounter",
            "counterGroupDisplayName": "File System Counters",
            "counters": [
              {
                "counterName": "FILE_BYTES_READ",
                "counterValue": 18731303
              },
              {
                "counterName": "FILE_BYTES_WRITTEN",
                "counterValue": 30381071
              },
              {
                "counterName": "HDFS_BYTES_READ",
                "counterValue": 501026980
              },
              {
                "counterName": "HDFS_BYTES_WRITTEN",
                "counterValue": 1227
              },
              {
                "counterName": "HDFS_READ_OPS",
                "counterValue": 9
              },
              {
                "counterName": "HDFS_WRITE_OPS",
                "counterValue": 2
              }
            ]
          },
          {
            "counterGroupName": "org.apache.tez.common.counters.TaskCounter",
            "counters": [
              {
                "counterName": "REDUCE_INPUT_GROUPS",
                "counterValue": 576247
              },
              {
                "counterName": "REDUCE_INPUT_RECORDS",
                "counterValue": 576248
              },
              {
                "counterName": "SPILLED_RECORDS",
                "counterValue": 1152496
              },
              {
                "counterName": "NUM_SHUFFLED_INPUTS",
                "counterValue": 84
              },
              {
                "counterName": "NUM_SKIPPED_INPUTS",
                "counterValue": 56
              },
              {
                "counterName": "MERGED_MAP_OUTPUTS",
                "counterValue": 84
              },
              {
                "counterName": "GC_TIME_MILLIS",
                "counterValue": 3928
              },
              {
                "counterName": "CPU_MILLISECONDS",
                "counterValue": 53010
              },
              {
                "counterName": "PHYSICAL_MEMORY_BYTES",
                "counterValue": 28887220224
              },
              {
                "counterName": "VIRTUAL_MEMORY_BYTES",
                "counterValue": 118246305792
              },
              {
                "counterName": "COMMITTED_HEAP_BYTES",
                "counterValue": 28887220224
              },
              {
                "counterName": "INPUT_RECORDS_PROCESSED",
                "counterValue": 3327733
              },
              {
                "counterName": "INPUT_SPLIT_LENGTH_BYTES",
                "counterValue": 501018788
              },
              {
                "counterName": "OUTPUT_RECORDS",
                "counterValue": 576248
              },
              {
                "counterName": "OUTPUT_BYTES",
                "counterValue": 17502878
              },
              {
                "counterName": "OUTPUT_BYTES_WITH_OVERHEAD",
                "counterValue": 18655878
              },
              {
                "counterName": "OUTPUT_BYTES_PHYSICAL",
                "counterValue": 18656214
              },
              {
                "counterName": "ADDITIONAL_SPILLS_BYTES_WRITTEN",
                "counterValue": 11721289
              },
              {
                "counterName": "ADDITIONAL_SPILLS_BYTES_READ",
                "counterValue": 18655854
              },
              {
                "counterName": "SHUFFLE_CHUNK_COUNT",
                "counterValue": 26
              },
              {
                "counterName": "SHUFFLE_BYTES",
                "counterValue": 18656214
              },
              {
                "counterName": "SHUFFLE_BYTES_DECOMPRESSED",
                "counterValue": 18655878
              },
              {
                "counterName": "SHUFFLE_BYTES_TO_MEM",
                "counterValue": 11721649
              },
              {
                "counterName": "SHUFFLE_BYTES_DISK_DIRECT",
                "counterValue": 6934565
              },
              {
                "counterName": "SHUFFLE_PHASE_TIME",
                "counterValue": 6026
              },
              {
                "counterName": "MERGE_PHASE_TIME",
                "counterValue": 8760
              },
              {
                "counterName": "FIRST_EVENT_RECEIVED",
                "counterValue": 1386
              },
              {
                "counterName": "LAST_EVENT_RECEIVED",
                "counterValue": 1423
              }
            ]
          },
          {
            "counterGroupName": "HIVE",
            "counters": [
              {
                "counterName": "CREATED_FILES",
                "counterValue": 1
              },
              {
                "counterName": "RECORDS_IN_Map_1",
                "counterValue": 3327733
              },
              {
                "counterName": "RECORDS_OUT_0",
                "counterValue": 29
              },
              {
                "counterName": "RECORDS_OUT_INTERMEDIATE_Map_1",
                "counterValue": 1173247
              },
              {
                "counterName": "RECORDS_OUT_INTERMEDIATE_Reducer_2",
                "counterValue": 150
              },
              {
                "counterName": "RECORDS_OUT_OPERATOR_FIL_16",
                "counterValue": 1063594
              },
              {
                "counterName": "RECORDS_OUT_OPERATOR_FS_25",
                "counterValue": 29
              },
              {
                "counterName": "RECORDS_OUT_OPERATOR_GBY_18",
                "counterValue": 576219
              },
              {
                "counterName": "RECORDS_OUT_OPERATOR_GBY_20",
                "counterValue": 576218
              },
              {
                "counterName": "RECORDS_OUT_OPERATOR_GBY_22",
                "counterValue": 29
              },
              {
                "counterName": "RECORDS_OUT_OPERATOR_RS_19",
                "counterValue": 1173247
              },
              {
                "counterName": "RECORDS_OUT_OPERATOR_RS_23",
                "counterValue": 150
              },
              {
                "counterName": "RECORDS_OUT_OPERATOR_SEL_17",
                "counterValue": 1063594
              },
              {
                "counterName": "RECORDS_OUT_OPERATOR_SEL_21",
                "counterValue": 576218
              },
              {
                "counterName": "RECORDS_OUT_OPERATOR_SEL_24",
                "counterValue": 29
              },
              {
                "counterName": "RECORDS_OUT_OPERATOR_TS_0",
                "counterValue": 3327733
              }
            ]
          },
          {
            "counterGroupName": "org.apache.hadoop.hive.ql.exec.tez.HiveInputCounters",
            "counters": [
              {
                "counterName": "GROUPED_INPUT_SPLITS_Map_1",
                "counterValue": 6
              },
              {
                "counterName": "INPUT_DIRECTORIES_Map_1",
                "counterValue": 1
              },
              {
                "counterName": "INPUT_FILES_Map_1",
                "counterValue": 4
              },
              {
                "counterName": "RAW_INPUT_SPLITS_Map_1",
                "counterValue": 6
              }
            ]
          }
        ]
      },
      "dagPlan": {
        "dagName": "SELECT nome_org_superior, COUNT(DISTI...DESC (Stage-1)",
        "dagInfo": "{\"context\":\"Hive\",\"description\":\"SELECT nome_org_superior, COUNT(DISTINCT id_viagem) AS num_viagens FROM viagens.pagamentos WHERE tipo_pag = 'PASSAGEM' GROUP BY nome_org_superior ORDER BY num_viagens DESC\"}",
        "dagContext": {
          "callerId": "hive_20220805035321_24231922-81d8-4f2d-85bc-bfe28e0c8cc7",
          "callerType": "HIVE_QUERY_ID",
          "context": "HIVE",
          "description": "SELECT nome_org_superior, COUNT(DISTINCT id_viagem) AS num_viagens FROM viagens.pagamentos WHERE tipo_pag = 'PASSAGEM' GROUP BY nome_org_superior ORDER BY num_viagens DESC"
        },
        "version": 2,
        "vertices": [
          {
            "vertexName": "Map 1",
            "processorClass": "org.apache.hadoop.hive.ql.exec.tez.MapTezProcessor",
            "outEdgeIds": [
              "1578001153"
            ],
            "additionalInputs": [
              {
                "name": "pagamentos",
                "class": "org.apache.tez.mapreduce.input.MRInputLegacy",
                "initializer": "org.apache.hadoop.hive.ql.exec.tez.HiveSplitGenerator"
              }
            ]
          },
          {
            "vertexName": "Reducer 2",
            "processorClass": "org.apache.hadoop.hive.ql.exec.tez.ReduceTezProcessor",
            "inEdgeIds": [
              "1578001153"
            ],
            "outEdgeIds": [
              "1746371058"
            ]
          },
          {
            "vertexName": "Reducer 3",
            "processorClass": "org.apache.hadoop.hive.ql.exec.tez.ReduceTezProcessor",
            "inEdgeIds": [
              "1746371058"
            ],
            "additionalOutputs": [
              {
                "name": "out_Reducer 3",
                "class": "org.apache.tez.mapreduce.output.MROutput"
              }
            ]
          }
        ],
        "edges": [
          {
            "edgeId": "1746371058",
            "inputVertexName": "Reducer 2",
            "outputVertexName": "Reducer 3",
            "dataMovementType": "SCATTER_GATHER",
            "dataSourceType": "PERSISTED",
            "schedulingType": "SEQUENTIAL",
            "edgeSourceClass": "org.apache.tez.runtime.library.output.OrderedPartitionedKVOutput",
            "edgeDestinationClass": "org.apache.tez.runtime.library.input.OrderedGroupedKVInput"
          },
          {
            "edgeId": "1578001153",
            "inputVertexName": "Map 1",
            "outputVertexName": "Reducer 2",
            "dataMovementType": "SCATTER_GATHER",
            "dataSourceType": "PERSISTED",
            "schedulingType": "SEQUENTIAL",
            "edgeSourceClass": "org.apache.tez.runtime.library.output.OrderedPartitionedKVOutput",
            "edgeDestinationClass": "org.apache.tez.runtime.library.input.OrderedGroupedKVInput"
          }
        ]
      }
    }
  }
}