{
  "dag": {
    "entitytype": "TEZ_DAG_ID",
    "entity": "dag_1659670540238_0001_1",
    "starttime": 1659671626938,
    "events": [
      {
        "timestamp": 1659671680244,
        "eventtype": "DAG_FINISHED",
        "eventinfo": {}
      },
      {
        "timestamp": 1659671627535,
        "eventtype": "DAG_STARTED",
        "eventinfo": {}
      },
      {
        "timestamp": 1659671627526,
        "eventtype": "DAG_INITIALIZED",
        "eventinfo": {}
      },
      {
        "timestamp": 1659671626938,
        "eventtype": "DAG_SUBMITTED",
        "eventinfo": {}
      }
    ],
    "domain": "Tez_ATS_application_1659670540238_0001_1",
    "relatedentities": {
      "TEZ_DAG_EXTRA_INFO": [
        "dag_1659670540238_0001_1"
      ],
      "TEZ_VERTEX_ID": [
        "vertex_1659670540238_0001_1_02",
        "vertex_1659670540238_0001_1_01",
        "vertex_1659670540238_0001_1_00"
      ]
    },
    "primaryfilters": {
      "dagName": [
        "SELECT nome_org_superior, COUNT(DISTI...DESC (Stage-1)"
      ],
      "queueName": [
        "default"
      ],
      "callerId": [
        "hive_20220805035321_24231922-81d8-4f2d-85bc-bfe28e0c8cc7"
      ],
      "applicationId": [
        "application_1659670540238_0001"
      ],
      "user": [
        "danielguedesfis"
      ],
      "status": [
        "SUCCEEDED"
      ]
    },
    "otherinfo": {
      "completionApplicationAttemptId": "appattempt_1659670540238_0001_000001",
      "numFailedTaskAttempts": 0,
      "callerContext": "HIVE",
      "numKilledTaskAttempts": 0,
      "numCompletedTasks": 27,
      "amWebServiceVersion": "2",
      "inProgressLogsURL_1": "http://iv5wxb3ymvccdpjxx27gokbpri-dot-southamerica-east1.dataproc.googleusercontent.com:80/gateway/default/node/containerlogs/container_1659670540238_0001_01_000001/danielguedesfis?scheme=http&nm_port=8026&port=8042&host=cluster-hadoop-w-1.southamerica-east1-c.c.river-runner-355919.internal",
      "numSucceededTasks": 27,
      "vertexNameIdMapping": {
        "Map 1": "vertex_1659670540238_0001_1_00",
        "Reducer 2": "vertex_1659670540238_0001_1_01",
        "Reducer 3": "vertex_1659670540238_0001_1_02"
      },
      "numFailedTasks": 0,
      "timeTaken": 52709,
      "diagnostics": "",
      "queueName": "default",
      "applicationAttemptId": "appattempt_1659670540238_0001_000001",
      "callerType": "HIVE_QUERY_ID",
      "startTime": 1659671627535,
      "callerId": "hive_20220805035321_24231922-81d8-4f2d-85bc-bfe28e0c8cc7",
      "endTime": 1659671680244,
      "applicationId": "application_1659670540238_0001",
      "numKilledTasks": 0,
      "initTime": 1659671627526,
      "user": "danielguedesfis",
      "status": "SUCCEEDED"
    }
  }
}