{
  "vertices": [
    {
      "entitytype": "TEZ_VERTEX_ID",
      "entity": "vertex_1659670540238_0001_1_00",
      "starttime": 1659671629045,
      "events": [
        {
          "timestamp": 1659671664722,
          "eventtype": "VERTEX_FINISHED",
          "eventinfo": {}
        },
        {
          "timestamp": 1659671629046,
          "eventtype": "VERTEX_CONFIGURE_DONE",
          "eventinfo": {
            "numTasks": 6
          }
        },
        {
          "timestamp": 1659671629045,
          "eventtype": "VERTEX_INITIALIZED",
          "eventinfo": {}
        },
        {
          "timestamp": 1659671629045,
          "eventtype": "VERTEX_STARTED",
          "eventinfo": {}
        }
      ],
      "domain": "Tez_ATS_application_1659670540238_0001_1",
      "relatedentities": {},
      "primaryfilters": {
        "TEZ_DAG_ID": [
          "dag_1659670540238_0001_1"
        ],
        "applicationId": [
          "application_1659670540238_0001"
        ],
        "status": [
          "SUCCEEDED"
        ]
      },
      "otherinfo": {
        "numTasks": 6,
        "numFailedTaskAttempts": 0,
        "processorClassName": "org.apache.hadoop.hive.ql.exec.tez.MapTezProcessor",
        "numKilledTaskAttempts": 0,
        "servicePlugin": {
          "taskSchedulerName": "TezYarn",
          "taskSchedulerClassName": "org.apache.tez.dag.app.rm.YarnTaskSchedulerService",
          "taskCommunicatorName": "TezYarn",
          "taskCommunicatorClassName": "org.apache.tez.dag.app.TezTaskCommunicatorImpl",
          "containerLauncherName": "TezYarn",
          "containerLauncherClassName": "org.apache.tez.dag.app.launcher.TezContainerLauncherImpl"
        },
        "vertexName": "Map 1",
        "counters": {
          "counterGroups": [
            {
              "counterGroupName": "org.apache.tez.common.counters.FileSystemCounter",
              "counterGroupDisplayName": "File System Counters",
              "counters": [
                {
                  "counterName": "FILE_BYTES_READ",
                  "counterValue": 5856
                },
                {
                  "counterName": "FILE_BYTES_WRITTEN",
                  "counterValue": 18658046
                },
                {
                  "counterName": "HDFS_BYTES_READ",
                  "counterValue": 501026980
                },
                {
                  "counterName": "HDFS_READ_OPS",
                  "counterValue": 6
                }
              ]
            },
            {
              "counterGroupName": "org.apache.tez.common.counters.TaskCounter",
              "counters": [
                {
                  "counterName": "SPILLED_RECORDS",
                  "counterValue": 576219
                },
                {
                  "counterName": "GC_TIME_MILLIS",
                  "counterValue": 2876
                },
                {
                  "counterName": "CPU_MILLISECONDS",
                  "counterValue": 34520
                },
                {
                  "counterName": "PHYSICAL_MEMORY_BYTES",
                  "counterValue": 5099749376
                },
                {
                  "counterName": "VIRTUAL_MEMORY_BYTES",
                  "counterValue": 26232946688
                },
                {
                  "counterName": "COMMITTED_HEAP_BYTES",
                  "counterValue": 5099749376
                },
                {
                  "counterName": "INPUT_RECORDS_PROCESSED",
                  "counterValue": 3327733
                },
                {
                  "counterName": "INPUT_SPLIT_LENGTH_BYTES",
                  "counterValue": 501018788
                },
                {
                  "counterName": "OUTPUT_RECORDS",
                  "counterValue": 576219
                },
                {
                  "counterName": "OUTPUT_BYTES",
                  "counterValue": 17501970
                },
                {
                  "counterName": "OUTPUT_BYTES_WITH_OVERHEAD",
                  "counterValue": 18654834
                },
                {
                  "counterName": "OUTPUT_BYTES_PHYSICAL",
                  "counterValue": 18655118
                },
                {
                  "counterName": "SHUFFLE_CHUNK_COUNT",
                  "counterValue": 6
                }
              ]
            },
            {
              "counterGroupName": "HIVE",
              "counters": [
                {
                  "counterName": "RECORDS_IN_Map_1",
                  "counterValue": 3327733
                },
                {
                  "counterName": "RECORDS_OUT_INTERMEDIATE_Map_1",
                  "counterValue": 1173247
                },
                {
                  "counterName": "RECORDS_OUT_OPERATOR_FIL_16",
                  "counterValue": 1063594
                },
                {
                  "counterName": "RECORDS_OUT_OPERATOR_GBY_18",
                  "counterValue": 576219
                },
                {
                  "counterName": "RECORDS_OUT_OPERATOR_RS_19",
                  "counterValue": 1173247
                },
                {
                  "counterName": "RECORDS_OUT_OPERATOR_SEL_17",
                  "counterValue": 1063594
                },
                {
                  "counterName": "RECORDS_OUT_OPERATOR_TS_0",
                  "counterValue": 3327733
                }
              ]
            },
            {
              "counterGroupName": "org.apache.hadoop.hive.ql.exec.tez.HiveInputCounters",
              "counters": [
                {
                  "counterName": "GROUPED_INPUT_SPLITS_Map_1",
                  "counterValue": 6
                },
                {
                  "counterName": "INPUT_DIRECTORIES_Map_1",
                  "counterValue": 1
                },
                {
                  "counterName": "INPUT_FILES_Map_1",
                  "counterValue": 4
                },
                {
                  "counterName": "RAW_INPUT_SPLITS_Map_1",
                  "counterValue": 6
                }
              ]
            }
          ]
        },
        "numCompletedTasks": 6,
        "numSucceededTasks": 6,
        "numFailedTasks": 0,
        "initRequestedTime": 1659671627539,
        "startRequestedTime": 1659671628561,
        "timeTaken": 35677,
        "diagnostics": "",
        "stats": {
          "firstTaskStartTime": 1659671633647,
          "firstTasksToStart": [
            "task_1659670540238_0001_1_00_000003"
          ],
          "lastTaskFinishTime": 1659671664721,
          "lastTasksToFinish": [
            "task_1659670540238_0001_1_00_000002"
          ],
          "minTaskDuration": 1816,
          "maxTaskDuration": 21639,
          "avgTaskDuration": 9499.833333333334,
          "shortestDurationTasks": [
            "task_1659670540238_0001_1_00_000000"
          ],
          "longestDurationTasks": [
            "task_1659670540238_0001_1_00_000002"
          ]
        },
        "startTime": 1659671629045,
        "endTime": 1659671664722,
        "numKilledTasks": 0,
        "initTime": 1659671629045,
        "status": "SUCCEEDED"
      }
    },
    {
      "entitytype": "TEZ_VERTEX_ID",
      "entity": "vertex_1659670540238_0001_1_02",
      "starttime": 1659671628763,
      "events": [
        {
          "timestamp": 1659671680227,
          "eventtype": "VERTEX_FINISHED",
          "eventinfo": {}
        },
        {
          "timestamp": 1659671629053,
          "eventtype": "VERTEX_STARTED",
          "eventinfo": {}
        },
        {
          "timestamp": 1659671628763,
          "eventtype": "VERTEX_CONFIGURE_DONE",
          "eventinfo": {
            "numTasks": 1,
            "updatedEdgeManagers": {
              "Reducer 2": {
                "schedulingType": "SEQUENTIAL",
                "edgeSourceClass": "org.apache.tez.runtime.library.output.OrderedPartitionedKVOutput",
                "dataMovementType": "SCATTER_GATHER",
                "edgeDestinationClass": "org.apache.tez.runtime.library.input.OrderedGroupedKVInput",
                "dataSourceType": "PERSISTED"
              }
            }
          }
        },
        {
          "timestamp": 1659671628763,
          "eventtype": "VERTEX_INITIALIZED",
          "eventinfo": {}
        }
      ],
      "domain": "Tez_ATS_application_1659670540238_0001_1",
      "relatedentities": {},
      "primaryfilters": {
        "TEZ_DAG_ID": [
          "dag_1659670540238_0001_1"
        ],
        "applicationId": [
          "application_1659670540238_0001"
        ],
        "status": [
          "SUCCEEDED"
        ]
      },
      "otherinfo": {
        "numTasks": 1,
        "numFailedTaskAttempts": 0,
        "processorClassName": "org.apache.hadoop.hive.ql.exec.tez.ReduceTezProcessor",
        "numKilledTaskAttempts": 0,
        "servicePlugin": {
          "taskSchedulerName": "TezYarn",
          "taskSchedulerClassName": "org.apache.tez.dag.app.rm.YarnTaskSchedulerService",
          "taskCommunicatorName": "TezYarn",
          "taskCommunicatorClassName": "org.apache.tez.dag.app.TezTaskCommunicatorImpl",
          "containerLauncherName": "TezYarn",
          "containerLauncherClassName": "org.apache.tez.dag.app.launcher.TezContainerLauncherImpl"
        },
        "vertexName": "Reducer 3",
        "counters": {
          "counterGroups": [
            {
              "counterGroupName": "org.apache.tez.common.counters.FileSystemCounter",
              "counterGroupDisplayName": "File System Counters",
              "counters": [
                {
                  "counterName": "FILE_BYTES_READ",
                  "counterValue": 1144
                },
                {
                  "counterName": "FILE_BYTES_WRITTEN",
                  "counterValue": 676
                },
                {
                  "counterName": "HDFS_BYTES_WRITTEN",
                  "counterValue": 1227
                },
                {
                  "counterName": "HDFS_READ_OPS",
                  "counterValue": 3
                },
                {
                  "counterName": "HDFS_WRITE_OPS",
                  "counterValue": 2
                }
              ]
            },
            {
              "counterGroupName": "org.apache.tez.common.counters.TaskCounter",
              "counters": [
                {
                  "counterName": "REDUCE_INPUT_GROUPS",
                  "counterValue": 29
                },
                {
                  "counterName": "REDUCE_INPUT_RECORDS",
                  "counterValue": 29
                },
                {
                  "counterName": "SPILLED_RECORDS",
                  "counterValue": 29
                },
                {
                  "counterName": "NUM_SHUFFLED_INPUTS",
                  "counterValue": 13
                },
                {
                  "counterName": "NUM_SKIPPED_INPUTS",
                  "counterValue": 7
                },
                {
                  "counterName": "MERGED_MAP_OUTPUTS",
                  "counterValue": 13
                },
                {
                  "counterName": "GC_TIME_MILLIS",
                  "counterValue": 289
                },
                {
                  "counterName": "CPU_MILLISECONDS",
                  "counterValue": 2550
                },
                {
                  "counterName": "PHYSICAL_MEMORY_BYTES",
                  "counterValue": 275251200
                },
                {
                  "counterName": "VIRTUAL_MEMORY_BYTES",
                  "counterValue": 4399026176
                },
                {
                  "counterName": "COMMITTED_HEAP_BYTES",
                  "counterValue": 275251200
                },
                {
                  "counterName": "ADDITIONAL_SPILLS_BYTES_WRITTEN",
                  "counterValue": 676
                },
                {
                  "counterName": "ADDITIONAL_SPILLS_BYTES_READ",
                  "counterValue": 1016
                },
                {
                  "counterName": "SHUFFLE_BYTES",
                  "counterValue": 1096
                },
                {
                  "counterName": "SHUFFLE_BYTES_DECOMPRESSED",
                  "counterValue": 1044
                },
                {
                  "counterName": "SHUFFLE_BYTES_TO_MEM",
                  "counterValue": 756
                },
                {
                  "counterName": "SHUFFLE_BYTES_DISK_DIRECT",
                  "counterValue": 340
                },
                {
                  "counterName": "SHUFFLE_PHASE_TIME",
                  "counterValue": 98
                },
                {
                  "counterName": "MERGE_PHASE_TIME",
                  "counterValue": 103
                },
                {
                  "counterName": "FIRST_EVENT_RECEIVED",
                  "counterValue": 27
                },
                {
                  "counterName": "LAST_EVENT_RECEIVED",
                  "counterValue": 36
                }
              ]
            },
            {
              "counterGroupName": "HIVE",
              "counters": [
                {
                  "counterName": "CREATED_FILES",
                  "counterValue": 1
                },
                {
                  "counterName": "RECORDS_OUT_0",
                  "counterValue": 29
                },
                {
                  "counterName": "RECORDS_OUT_OPERATOR_FS_25",
                  "counterValue": 29
                },
                {
                  "counterName": "RECORDS_OUT_OPERATOR_SEL_24",
                  "counterValue": 29
                }
              ]
            }
          ]
        },
        "numCompletedTasks": 1,
        "numSucceededTasks": 1,
        "numFailedTasks": 0,
        "initRequestedTime": 1659671628685,
        "startRequestedTime": 1659671629053,
        "timeTaken": 51174,
        "diagnostics": "",
        "stats": {
          "firstTaskStartTime": 1659671678040,
          "firstTasksToStart": [
            "task_1659670540238_0001_1_02_000000"
          ],
          "lastTaskFinishTime": 1659671680226,
          "lastTasksToFinish": [
            "task_1659670540238_0001_1_02_000000"
          ],
          "minTaskDuration": 2186,
          "maxTaskDuration": 2186,
          "avgTaskDuration": 2186,
          "shortestDurationTasks": [
            "task_1659670540238_0001_1_02_000000"
          ],
          "longestDurationTasks": [
            "task_1659670540238_0001_1_02_000000"
          ]
        },
        "startTime": 1659671629053,
        "endTime": 1659671680227,
        "numKilledTasks": 0,
        "initTime": 1659671628763,
        "status": "SUCCEEDED"
      }
    },
    {
      "entitytype": "TEZ_VERTEX_ID",
      "entity": "vertex_1659670540238_0001_1_01",
      "starttime": 1659671628680,
      "events": [
        {
          "timestamp": 1659671678588,
          "eventtype": "VERTEX_FINISHED",
          "eventinfo": {}
        },
        {
          "timestamp": 1659671629048,
          "eventtype": "VERTEX_STARTED",
          "eventinfo": {}
        },
        {
          "timestamp": 1659671628683,
          "eventtype": "VERTEX_INITIALIZED",
          "eventinfo": {}
        },
        {
          "timestamp": 1659671628680,
          "eventtype": "VERTEX_CONFIGURE_DONE",
          "eventinfo": {
            "numTasks": 20,
            "updatedEdgeManagers": {
              "Map 1": {
                "schedulingType": "SEQUENTIAL",
                "edgeSourceClass": "org.apache.tez.runtime.library.output.OrderedPartitionedKVOutput",
                "dataMovementType": "SCATTER_GATHER",
                "edgeDestinationClass": "org.apache.tez.runtime.library.input.OrderedGroupedKVInput",
                "dataSourceType": "PERSISTED"
              }
            }
          }
        }
      ],
      "domain": "Tez_ATS_application_1659670540238_0001_1",
      "relatedentities": {},
      "primaryfilters": {
        "TEZ_DAG_ID": [
          "dag_1659670540238_0001_1"
        ],
        "applicationId": [
          "application_1659670540238_0001"
        ],
        "status": [
          "SUCCEEDED"
        ]
      },
      "otherinfo": {
        "numTasks": 20,
        "numFailedTaskAttempts": 0,
        "processorClassName": "org.apache.hadoop.hive.ql.exec.tez.ReduceTezProcessor",
        "numKilledTaskAttempts": 0,
        "servicePlugin": {
          "taskSchedulerName": "TezYarn",
          "taskSchedulerClassName": "org.apache.tez.dag.app.rm.YarnTaskSchedulerService",
          "taskCommunicatorName": "TezYarn",
          "taskCommunicatorClassName": "org.apache.tez.dag.app.TezTaskCommunicatorImpl",
          "containerLauncherName": "TezYarn",
          "containerLauncherClassName": "org.apache.tez.dag.app.launcher.TezContainerLauncherImpl"
        },
        "vertexName": "Reducer 2",
        "counters": {
          "counterGroups": [
            {
              "counterGroupName": "org.apache.tez.common.counters.FileSystemCounter",
              "counterGroupDisplayName": "File System Counters",
              "counters": [
                {
                  "counterName": "FILE_BYTES_READ",
                  "counterValue": 18724303
                },
                {
                  "counterName": "FILE_BYTES_WRITTEN",
                  "counterValue": 11722349
                }
              ]
            },
            {
              "counterGroupName": "org.apache.tez.common.counters.TaskCounter",
              "counters": [
                {
                  "counterName": "REDUCE_INPUT_GROUPS",
                  "counterValue": 576218
                },
                {
                  "counterName": "REDUCE_INPUT_RECORDS",
                  "counterValue": 576219
                },
                {
                  "counterName": "SPILLED_RECORDS",
                  "counterValue": 576248
                },
                {
                  "counterName": "NUM_SHUFFLED_INPUTS",
                  "counterValue": 71
                },
                {
                  "counterName": "NUM_SKIPPED_INPUTS",
                  "counterValue": 49
                },
                {
                  "counterName": "MERGED_MAP_OUTPUTS",
                  "counterValue": 71
                },
                {
                  "counterName": "GC_TIME_MILLIS",
                  "counterValue": 763
                },
                {
                  "counterName": "CPU_MILLISECONDS",
                  "counterValue": 15940
                },
                {
                  "counterName": "PHYSICAL_MEMORY_BYTES",
                  "counterValue": 23512219648
                },
                {
                  "counterName": "VIRTUAL_MEMORY_BYTES",
                  "counterValue": 87614332928
                },
                {
                  "counterName": "COMMITTED_HEAP_BYTES",
                  "counterValue": 23512219648
                },
                {
                  "counterName": "OUTPUT_RECORDS",
                  "counterValue": 29
                },
                {
                  "counterName": "OUTPUT_BYTES",
                  "counterValue": 908
                },
                {
                  "counterName": "OUTPUT_BYTES_WITH_OVERHEAD",
                  "counterValue": 1044
                },
                {
                  "counterName": "OUTPUT_BYTES_PHYSICAL",
                  "counterValue": 1096
                },
                {
                  "counterName": "ADDITIONAL_SPILLS_BYTES_WRITTEN",
                  "counterValue": 11720613
                },
                {
                  "counterName": "ADDITIONAL_SPILLS_BYTES_READ",
                  "counterValue": 18654838
                },
                {
                  "counterName": "SHUFFLE_CHUNK_COUNT",
                  "counterValue": 20
                },
                {
                  "counterName": "SHUFFLE_BYTES",
                  "counterValue": 18655118
                },
                {
                  "counterName": "SHUFFLE_BYTES_DECOMPRESSED",
                  "counterValue": 18654834
                },
                {
                  "counterName": "SHUFFLE_BYTES_TO_MEM",
                  "counterValue": 11720893
                },
                {
                  "counterName": "SHUFFLE_BYTES_DISK_DIRECT",
                  "counterValue": 6934225
                },
                {
                  "counterName": "SHUFFLE_PHASE_TIME",
                  "counterValue": 5928
                },
                {
                  "counterName": "MERGE_PHASE_TIME",
                  "counterValue": 8657
                },
                {
                  "counterName": "FIRST_EVENT_RECEIVED",
                  "counterValue": 1359
                },
                {
                  "counterName": "LAST_EVENT_RECEIVED",
                  "counterValue": 1387
                }
              ]
            },
            {
              "counterGroupName": "HIVE",
              "counters": [
                {
                  "counterName": "RECORDS_OUT_INTERMEDIATE_Reducer_2",
                  "counterValue": 150
                },
                {
                  "counterName": "RECORDS_OUT_OPERATOR_GBY_20",
                  "counterValue": 576218
                },
                {
                  "counterName": "RECORDS_OUT_OPERATOR_GBY_22",
                  "counterValue": 29
                },
                {
                  "counterName": "RECORDS_OUT_OPERATOR_RS_23",
                  "counterValue": 150
                },
                {
                  "counterName": "RECORDS_OUT_OPERATOR_SEL_21",
                  "counterValue": 576218
                }
              ]
            }
          ]
        },
        "numCompletedTasks": 20,
        "numSucceededTasks": 20,
        "numFailedTasks": 0,
        "initRequestedTime": 1659671628564,
        "startRequestedTime": 1659671629048,
        "timeTaken": 49540,
        "diagnostics": "",
        "stats": {
          "firstTaskStartTime": 1659671664787,
          "firstTasksToStart": [
            "task_1659670540238_0001_1_01_000001"
          ],
          "lastTaskFinishTime": 1659671678587,
          "lastTasksToFinish": [
            "task_1659670540238_0001_1_01_000019"
          ],
          "minTaskDuration": 285,
          "maxTaskDuration": 4277,
          "avgTaskDuration": 1714.3,
          "shortestDurationTasks": [
            "task_1659670540238_0001_1_01_000003"
          ],
          "longestDurationTasks": [
            "task_1659670540238_0001_1_01_000010"
          ]
        },
        "startTime": 1659671629048,
        "endTime": 1659671678588,
        "numKilledTasks": 0,
        "initTime": 1659671628683,
        "status": "SUCCEEDED"
      }
    }
  ]
}