{
  "dag-extra-info": {
    "entitytype": "TEZ_DAG_EXTRA_INFO",
    "entity": "dag_1659670540238_0001_3",
    "starttime": 1659672094772,
    "events": [
      {
        "timestamp": 1659672121950,
        "eventtype": "DAG_FINISHED",
        "eventinfo": {}
      },
      {
        "timestamp": 1659672094772,
        "eventtype": "DAG_SUBMITTED",
        "eventinfo": {}
      }
    ],
    "domain": "Tez_ATS_application_1659670540238_0001_3",
    "relatedentities": {},
    "primaryfilters": {},
    "otherinfo": {
      "counters": {
        "counterGroups": [
          {
            "counterGroupName": "org.apache.tez.common.counters.DAGCounter",
            "counters": [
              {
                "counterName": "NUM_SUCCEEDED_TASKS",
                "counterValue": 27
              },
              {
                "counterName": "TOTAL_LAUNCHED_TASKS",
                "counterValue": 27
              },
              {
                "counterName": "AM_CPU_MILLISECONDS",
                "counterValue": 2270
              }
            ]
          },
          {
            "counterGroupName": "org.apache.tez.common.counters.FileSystemCounter",
            "counterGroupDisplayName": "File System Counters",
            "counters": [
              {
                "counterName": "FILE_BYTES_READ",
                "counterValue": 48273
              },
              {
                "counterName": "FILE_BYTES_WRITTEN",
                "counterValue": 11817
              },
              {
                "counterName": "HDFS_BYTES_READ",
                "counterValue": 501026980
              },
              {
                "counterName": "HDFS_BYTES_WRITTEN",
                "counterValue": 1671
              },
              {
                "counterName": "HDFS_READ_OPS",
                "counterValue": 9
              },
              {
                "counterName": "HDFS_WRITE_OPS",
                "counterValue": 2
              }
            ]
          },
          {
            "counterGroupName": "org.apache.tez.common.counters.TaskCounter",
            "counters": [
              {
                "counterName": "REDUCE_INPUT_GROUPS",
                "counterValue": 60
              },
              {
                "counterName": "REDUCE_INPUT_RECORDS",
                "counterValue": 164
              },
              {
                "counterName": "SPILLED_RECORDS",
                "counterValue": 328
              },
              {
                "counterName": "NUM_SHUFFLED_INPUTS",
                "counterValue": 97
              },
              {
                "counterName": "NUM_SKIPPED_INPUTS",
                "counterValue": 43
              },
              {
                "counterName": "MERGED_MAP_OUTPUTS",
                "counterValue": 97
              },
              {
                "counterName": "GC_TIME_MILLIS",
                "counterValue": 2312
              },
              {
                "counterName": "CPU_MILLISECONDS",
                "counterValue": 31180
              },
              {
                "counterName": "PHYSICAL_MEMORY_BYTES",
                "counterValue": 33139195904
              },
              {
                "counterName": "VIRTUAL_MEMORY_BYTES",
                "counterValue": 118281916416
              },
              {
                "counterName": "COMMITTED_HEAP_BYTES",
                "counterValue": 33139195904
              },
              {
                "counterName": "INPUT_RECORDS_PROCESSED",
                "counterValue": 3327733
              },
              {
                "counterName": "INPUT_SPLIT_LENGTH_BYTES",
                "counterValue": 501018788
              },
              {
                "counterName": "OUTPUT_RECORDS",
                "counterValue": 164
              },
              {
                "counterName": "OUTPUT_BYTES",
                "counterValue": 5098
              },
              {
                "counterName": "OUTPUT_BYTES_WITH_OVERHEAD",
                "counterValue": 6008
              },
              {
                "counterName": "OUTPUT_BYTES_PHYSICAL",
                "counterValue": 6396
              },
              {
                "counterName": "ADDITIONAL_SPILLS_BYTES_WRITTEN",
                "counterValue": 1853
              },
              {
                "counterName": "ADDITIONAL_SPILLS_BYTES_READ",
                "counterValue": 5280
              },
              {
                "counterName": "SHUFFLE_CHUNK_COUNT",
                "counterValue": 26
              },
              {
                "counterName": "SHUFFLE_BYTES",
                "counterValue": 6396
              },
              {
                "counterName": "SHUFFLE_BYTES_DECOMPRESSED",
                "counterValue": 6008
              },
              {
                "counterName": "SHUFFLE_BYTES_TO_MEM",
                "counterValue": 2969
              },
              {
                "counterName": "SHUFFLE_BYTES_DISK_DIRECT",
                "counterValue": 3427
              },
              {
                "counterName": "SHUFFLE_PHASE_TIME",
                "counterValue": 1800
              },
              {
                "counterName": "MERGE_PHASE_TIME",
                "counterValue": 2133
              },
              {
                "counterName": "FIRST_EVENT_RECEIVED",
                "counterValue": 836
              },
              {
                "counterName": "LAST_EVENT_RECEIVED",
                "counterValue": 898
              }
            ]
          },
          {
            "counterGroupName": "HIVE",
            "counters": [
              {
                "counterName": "CREATED_FILES",
                "counterValue": 1
              },
              {
                "counterName": "RECORDS_IN_Map_1",
                "counterValue": 3327733
              },
              {
                "counterName": "RECORDS_OUT_0",
                "counterValue": 30
              },
              {
                "counterName": "RECORDS_OUT_INTERMEDIATE_Map_1",
                "counterValue": 269
              },
              {
                "counterName": "RECORDS_OUT_INTERMEDIATE_Reducer_2",
                "counterValue": 199
              },
              {
                "counterName": "RECORDS_OUT_OPERATOR_FS_15",
                "counterValue": 30
              },
              {
                "counterName": "RECORDS_OUT_OPERATOR_GBY_10",
                "counterValue": 134
              },
              {
                "counterName": "RECORDS_OUT_OPERATOR_GBY_12",
                "counterValue": 30
              },
              {
                "counterName": "RECORDS_OUT_OPERATOR_RS_11",
                "counterValue": 269
              },
              {
                "counterName": "RECORDS_OUT_OPERATOR_RS_13",
                "counterValue": 199
              },
              {
                "counterName": "RECORDS_OUT_OPERATOR_SEL_14",
                "counterValue": 30
              },
              {
                "counterName": "RECORDS_OUT_OPERATOR_SEL_9",
                "counterValue": 3327733
              },
              {
                "counterName": "RECORDS_OUT_OPERATOR_TS_0",
                "counterValue": 3327733
              }
            ]
          },
          {
            "counterGroupName": "org.apache.hadoop.hive.ql.exec.tez.HiveInputCounters",
            "counters": [
              {
                "counterName": "GROUPED_INPUT_SPLITS_Map_1",
                "counterValue": 6
              },
              {
                "counterName": "INPUT_DIRECTORIES_Map_1",
                "counterValue": 1
              },
              {
                "counterName": "INPUT_FILES_Map_1",
                "counterValue": 4
              },
              {
                "counterName": "RAW_INPUT_SPLITS_Map_1",
                "counterValue": 6
              }
            ]
          }
        ]
      },
      "dagPlan": {
        "dagName": "SELECT nome_org_superior, SUM(valor) ...DESC (Stage-1)",
        "dagInfo": "{\"context\":\"Hive\",\"description\":\"SELECT nome_org_superior, SUM(valor) AS valor_gasto FROM viagens.pagamentos GROUP BY nome_org_superior ORDER BY valor_gasto DESC\"}",
        "dagContext": {
          "callerId": "hive_20220805040134_742f94bc-98e6-4f09-8ec1-c05170bde44d",
          "callerType": "HIVE_QUERY_ID",
          "context": "HIVE",
          "description": "SELECT nome_org_superior, SUM(valor) AS valor_gasto FROM viagens.pagamentos GROUP BY nome_org_superior ORDER BY valor_gasto DESC"
        },
        "version": 2,
        "vertices": [
          {
            "vertexName": "Map 1",
            "processorClass": "org.apache.hadoop.hive.ql.exec.tez.MapTezProcessor",
            "outEdgeIds": [
              "506664201"
            ],
            "additionalInputs": [
              {
                "name": "pagamentos",
                "class": "org.apache.tez.mapreduce.input.MRInputLegacy",
                "initializer": "org.apache.hadoop.hive.ql.exec.tez.HiveSplitGenerator"
              }
            ]
          },
          {
            "vertexName": "Reducer 2",
            "processorClass": "org.apache.hadoop.hive.ql.exec.tez.ReduceTezProcessor",
            "inEdgeIds": [
              "506664201"
            ],
            "outEdgeIds": [
              "513449206"
            ]
          },
          {
            "vertexName": "Reducer 3",
            "processorClass": "org.apache.hadoop.hive.ql.exec.tez.ReduceTezProcessor",
            "inEdgeIds": [
              "513449206"
            ],
            "additionalOutputs": [
              {
                "name": "out_Reducer 3",
                "class": "org.apache.tez.mapreduce.output.MROutput"
              }
            ]
          }
        ],
        "edges": [
          {
            "edgeId": "513449206",
            "inputVertexName": "Reducer 2",
            "outputVertexName": "Reducer 3",
            "dataMovementType": "SCATTER_GATHER",
            "dataSourceType": "PERSISTED",
            "schedulingType": "SEQUENTIAL",
            "edgeSourceClass": "org.apache.tez.runtime.library.output.OrderedPartitionedKVOutput",
            "edgeDestinationClass": "org.apache.tez.runtime.library.input.OrderedGroupedKVInput"
          },
          {
            "edgeId": "506664201",
            "inputVertexName": "Map 1",
            "outputVertexName": "Reducer 2",
            "dataMovementType": "SCATTER_GATHER",
            "dataSourceType": "PERSISTED",
            "schedulingType": "SEQUENTIAL",
            "edgeSourceClass": "org.apache.tez.runtime.library.output.OrderedPartitionedKVOutput",
            "edgeDestinationClass": "org.apache.tez.runtime.library.input.OrderedGroupedKVInput"
          }
        ]
      }
    }
  }
}