{
  "vertices": [
    {
      "entitytype": "TEZ_VERTEX_ID",
      "entity": "vertex_1659670540238_0001_3_00",
      "starttime": 1659672095064,
      "events": [
        {
          "timestamp": 1659672116483,
          "eventtype": "VERTEX_FINISHED",
          "eventinfo": {}
        },
        {
          "timestamp": 1659672095064,
          "eventtype": "VERTEX_CONFIGURE_DONE",
          "eventinfo": {
            "numTasks": 6
          }
        },
        {
          "timestamp": 1659672095064,
          "eventtype": "VERTEX_INITIALIZED",
          "eventinfo": {}
        },
        {
          "timestamp": 1659672095064,
          "eventtype": "VERTEX_STARTED",
          "eventinfo": {}
        }
      ],
      "domain": "Tez_ATS_application_1659670540238_0001_3",
      "relatedentities": {},
      "primaryfilters": {
        "TEZ_DAG_ID": [
          "dag_1659670540238_0001_3"
        ],
        "applicationId": [
          "application_1659670540238_0001"
        ],
        "status": [
          "SUCCEEDED"
        ]
      },
      "otherinfo": {
        "numTasks": 6,
        "numFailedTaskAttempts": 0,
        "processorClassName": "org.apache.hadoop.hive.ql.exec.tez.MapTezProcessor",
        "numKilledTaskAttempts": 0,
        "servicePlugin": {
          "taskSchedulerName": "TezYarn",
          "taskSchedulerClassName": "org.apache.tez.dag.app.rm.YarnTaskSchedulerService",
          "taskCommunicatorName": "TezYarn",
          "taskCommunicatorClassName": "org.apache.tez.dag.app.TezTaskCommunicatorImpl",
          "containerLauncherName": "TezYarn",
          "containerLauncherClassName": "org.apache.tez.dag.app.launcher.TezContainerLauncherImpl"
        },
        "vertexName": "Map 1",
        "counters": {
          "counterGroups": [
            {
              "counterGroupName": "org.apache.tez.common.counters.FileSystemCounter",
              "counterGroupDisplayName": "File System Counters",
              "counters": [
                {
                  "counterName": "FILE_BYTES_READ",
                  "counterValue": 5856
                },
                {
                  "counterName": "FILE_BYTES_WRITTEN",
                  "counterValue": 8172
                },
                {
                  "counterName": "HDFS_BYTES_READ",
                  "counterValue": 501026980
                },
                {
                  "counterName": "HDFS_READ_OPS",
                  "counterValue": 6
                }
              ]
            },
            {
              "counterGroupName": "org.apache.tez.common.counters.TaskCounter",
              "counters": [
                {
                  "counterName": "SPILLED_RECORDS",
                  "counterValue": 134
                },
                {
                  "counterName": "GC_TIME_MILLIS",
                  "counterValue": 1939
                },
                {
                  "counterName": "CPU_MILLISECONDS",
                  "counterValue": 24180
                },
                {
                  "counterName": "PHYSICAL_MEMORY_BYTES",
                  "counterValue": 4746903552
                },
                {
                  "counterName": "VIRTUAL_MEMORY_BYTES",
                  "counterValue": 26227957760
                },
                {
                  "counterName": "COMMITTED_HEAP_BYTES",
                  "counterValue": 4746903552
                },
                {
                  "counterName": "INPUT_RECORDS_PROCESSED",
                  "counterValue": 3327733
                },
                {
                  "counterName": "INPUT_SPLIT_LENGTH_BYTES",
                  "counterValue": 501018788
                },
                {
                  "counterName": "OUTPUT_RECORDS",
                  "counterValue": 134
                },
                {
                  "counterName": "OUTPUT_BYTES",
                  "counterValue": 4166
                },
                {
                  "counterName": "OUTPUT_BYTES_WITH_OVERHEAD",
                  "counterValue": 4920
                },
                {
                  "counterName": "OUTPUT_BYTES_PHYSICAL",
                  "counterValue": 5244
                },
                {
                  "counterName": "SHUFFLE_CHUNK_COUNT",
                  "counterValue": 6
                }
              ]
            },
            {
              "counterGroupName": "HIVE",
              "counters": [
                {
                  "counterName": "RECORDS_IN_Map_1",
                  "counterValue": 3327733
                },
                {
                  "counterName": "RECORDS_OUT_INTERMEDIATE_Map_1",
                  "counterValue": 269
                },
                {
                  "counterName": "RECORDS_OUT_OPERATOR_GBY_10",
                  "counterValue": 134
                },
                {
                  "counterName": "RECORDS_OUT_OPERATOR_RS_11",
                  "counterValue": 269
                },
                {
                  "counterName": "RECORDS_OUT_OPERATOR_SEL_9",
                  "counterValue": 3327733
                },
                {
                  "counterName": "RECORDS_OUT_OPERATOR_TS_0",
                  "counterValue": 3327733
                }
              ]
            },
            {
              "counterGroupName": "org.apache.hadoop.hive.ql.exec.tez.HiveInputCounters",
              "counters": [
                {
                  "counterName": "GROUPED_INPUT_SPLITS_Map_1",
                  "counterValue": 6
                },
                {
                  "counterName": "INPUT_DIRECTORIES_Map_1",
                  "counterValue": 1
                },
                {
                  "counterName": "INPUT_FILES_Map_1",
                  "counterValue": 4
                },
                {
                  "counterName": "RAW_INPUT_SPLITS_Map_1",
                  "counterValue": 6
                }
              ]
            }
          ]
        },
        "numCompletedTasks": 6,
        "numSucceededTasks": 6,
        "numFailedTasks": 0,
        "initRequestedTime": 1659672094851,
        "startRequestedTime": 1659672095005,
        "timeTaken": 21419,
        "diagnostics": "",
        "stats": {
          "firstTaskStartTime": 1659672100206,
          "firstTasksToStart": [
            "task_1659670540238_0001_3_00_000003"
          ],
          "lastTaskFinishTime": 1659672116482,
          "lastTasksToFinish": [
            "task_1659670540238_0001_3_00_000004"
          ],
          "minTaskDuration": 890,
          "maxTaskDuration": 11701,
          "avgTaskDuration": 5310.833333333333,
          "shortestDurationTasks": [
            "task_1659670540238_0001_3_00_000001"
          ],
          "longestDurationTasks": [
            "task_1659670540238_0001_3_00_000004"
          ]
        },
        "startTime": 1659672095064,
        "endTime": 1659672116483,
        "numKilledTasks": 0,
        "initTime": 1659672095064,
        "status": "SUCCEEDED"
      }
    },
    {
      "entitytype": "TEZ_VERTEX_ID",
      "entity": "vertex_1659670540238_0001_3_02",
      "starttime": 1659672095061,
      "events": [
        {
          "timestamp": 1659672121947,
          "eventtype": "VERTEX_FINISHED",
          "eventinfo": {}
        },
        {
          "timestamp": 1659672095068,
          "eventtype": "VERTEX_STARTED",
          "eventinfo": {}
        },
        {
          "timestamp": 1659672095061,
          "eventtype": "VERTEX_CONFIGURE_DONE",
          "eventinfo": {
            "numTasks": 1,
            "updatedEdgeManagers": {
              "Reducer 2": {
                "schedulingType": "SEQUENTIAL",
                "edgeSourceClass": "org.apache.tez.runtime.library.output.OrderedPartitionedKVOutput",
                "dataMovementType": "SCATTER_GATHER",
                "edgeDestinationClass": "org.apache.tez.runtime.library.input.OrderedGroupedKVInput",
                "dataSourceType": "PERSISTED"
              }
            }
          }
        },
        {
          "timestamp": 1659672095061,
          "eventtype": "VERTEX_INITIALIZED",
          "eventinfo": {}
        }
      ],
      "domain": "Tez_ATS_application_1659670540238_0001_3",
      "relatedentities": {},
      "primaryfilters": {
        "TEZ_DAG_ID": [
          "dag_1659670540238_0001_3"
        ],
        "applicationId": [
          "application_1659670540238_0001"
        ],
        "status": [
          "SUCCEEDED"
        ]
      },
      "otherinfo": {
        "numTasks": 1,
        "numFailedTaskAttempts": 0,
        "processorClassName": "org.apache.hadoop.hive.ql.exec.tez.ReduceTezProcessor",
        "numKilledTaskAttempts": 0,
        "servicePlugin": {
          "taskSchedulerName": "TezYarn",
          "taskSchedulerClassName": "org.apache.tez.dag.app.rm.YarnTaskSchedulerService",
          "taskCommunicatorName": "TezYarn",
          "taskCommunicatorClassName": "org.apache.tez.dag.app.TezTaskCommunicatorImpl",
          "containerLauncherName": "TezYarn",
          "containerLauncherClassName": "org.apache.tez.dag.app.launcher.TezContainerLauncherImpl"
        },
        "vertexName": "Reducer 3",
        "counters": {
          "counterGroups": [
            {
              "counterGroupName": "org.apache.tez.common.counters.FileSystemCounter",
              "counterGroupDisplayName": "File System Counters",
              "counters": [
                {
                  "counterName": "FILE_BYTES_READ",
                  "counterValue": 1380
                },
                {
                  "counterName": "FILE_BYTES_WRITTEN",
                  "counterValue": 383
                },
                {
                  "counterName": "HDFS_BYTES_WRITTEN",
                  "counterValue": 1671
                },
                {
                  "counterName": "HDFS_READ_OPS",
                  "counterValue": 3
                },
                {
                  "counterName": "HDFS_WRITE_OPS",
                  "counterValue": 2
                }
              ]
            },
            {
              "counterGroupName": "org.apache.tez.common.counters.TaskCounter",
              "counters": [
                {
                  "counterName": "REDUCE_INPUT_GROUPS",
                  "counterValue": 30
                },
                {
                  "counterName": "REDUCE_INPUT_RECORDS",
                  "counterValue": 30
                },
                {
                  "counterName": "SPILLED_RECORDS",
                  "counterValue": 30
                },
                {
                  "counterName": "NUM_SHUFFLED_INPUTS",
                  "counterValue": 16
                },
                {
                  "counterName": "NUM_SKIPPED_INPUTS",
                  "counterValue": 4
                },
                {
                  "counterName": "MERGED_MAP_OUTPUTS",
                  "counterValue": 16
                },
                {
                  "counterName": "CPU_MILLISECONDS",
                  "counterValue": 440
                },
                {
                  "counterName": "PHYSICAL_MEMORY_BYTES",
                  "counterValue": 2074607616
                },
                {
                  "counterName": "VIRTUAL_MEMORY_BYTES",
                  "counterValue": 4380463104
                },
                {
                  "counterName": "COMMITTED_HEAP_BYTES",
                  "counterValue": 2074607616
                },
                {
                  "counterName": "ADDITIONAL_SPILLS_BYTES_WRITTEN",
                  "counterValue": 383
                },
                {
                  "counterName": "ADDITIONAL_SPILLS_BYTES_READ",
                  "counterValue": 1092
                },
                {
                  "counterName": "SHUFFLE_BYTES",
                  "counterValue": 1152
                },
                {
                  "counterName": "SHUFFLE_BYTES_DECOMPRESSED",
                  "counterValue": 1088
                },
                {
                  "counterName": "SHUFFLE_BYTES_TO_MEM",
                  "counterValue": 443
                },
                {
                  "counterName": "SHUFFLE_BYTES_DISK_DIRECT",
                  "counterValue": 709
                },
                {
                  "counterName": "SHUFFLE_PHASE_TIME",
                  "counterValue": 127
                },
                {
                  "counterName": "MERGE_PHASE_TIME",
                  "counterValue": 131
                },
                {
                  "counterName": "FIRST_EVENT_RECEIVED",
                  "counterValue": 4
                },
                {
                  "counterName": "LAST_EVENT_RECEIVED",
                  "counterValue": 36
                }
              ]
            },
            {
              "counterGroupName": "HIVE",
              "counters": [
                {
                  "counterName": "CREATED_FILES",
                  "counterValue": 1
                },
                {
                  "counterName": "RECORDS_OUT_0",
                  "counterValue": 30
                },
                {
                  "counterName": "RECORDS_OUT_OPERATOR_FS_15",
                  "counterValue": 30
                },
                {
                  "counterName": "RECORDS_OUT_OPERATOR_SEL_14",
                  "counterValue": 30
                }
              ]
            }
          ]
        },
        "numCompletedTasks": 1,
        "numSucceededTasks": 1,
        "numFailedTasks": 0,
        "initRequestedTime": 1659672095028,
        "startRequestedTime": 1659672095068,
        "timeTaken": 26879,
        "diagnostics": "",
        "stats": {
          "firstTaskStartTime": 1659672121299,
          "firstTasksToStart": [
            "task_1659670540238_0001_3_02_000000"
          ],
          "lastTaskFinishTime": 1659672121946,
          "lastTasksToFinish": [
            "task_1659670540238_0001_3_02_000000"
          ],
          "minTaskDuration": 647,
          "maxTaskDuration": 647,
          "avgTaskDuration": 647,
          "shortestDurationTasks": [
            "task_1659670540238_0001_3_02_000000"
          ],
          "longestDurationTasks": [
            "task_1659670540238_0001_3_02_000000"
          ]
        },
        "startTime": 1659672095068,
        "endTime": 1659672121947,
        "numKilledTasks": 0,
        "initTime": 1659672095061,
        "status": "SUCCEEDED"
      }
    },
    {
      "entitytype": "TEZ_VERTEX_ID",
      "entity": "vertex_1659670540238_0001_3_01",
      "starttime": 1659672095028,
      "events": [
        {
          "timestamp": 1659672121316,
          "eventtype": "VERTEX_FINISHED",
          "eventinfo": {}
        },
        {
          "timestamp": 1659672095065,
          "eventtype": "VERTEX_STARTED",
          "eventinfo": {}
        },
        {
          "timestamp": 1659672095028,
          "eventtype": "VERTEX_CONFIGURE_DONE",
          "eventinfo": {
            "numTasks": 20,
            "updatedEdgeManagers": {
              "Map 1": {
                "schedulingType": "SEQUENTIAL",
                "edgeSourceClass": "org.apache.tez.runtime.library.output.OrderedPartitionedKVOutput",
                "dataMovementType": "SCATTER_GATHER",
                "edgeDestinationClass": "org.apache.tez.runtime.library.input.OrderedGroupedKVInput",
                "dataSourceType": "PERSISTED"
              }
            }
          }
        },
        {
          "timestamp": 1659672095028,
          "eventtype": "VERTEX_INITIALIZED",
          "eventinfo": {}
        }
      ],
      "domain": "Tez_ATS_application_1659670540238_0001_3",
      "relatedentities": {},
      "primaryfilters": {
        "TEZ_DAG_ID": [
          "dag_1659670540238_0001_3"
        ],
        "applicationId": [
          "application_1659670540238_0001"
        ],
        "status": [
          "SUCCEEDED"
        ]
      },
      "otherinfo": {
        "numTasks": 20,
        "numFailedTaskAttempts": 0,
        "processorClassName": "org.apache.hadoop.hive.ql.exec.tez.ReduceTezProcessor",
        "numKilledTaskAttempts": 0,
        "servicePlugin": {
          "taskSchedulerName": "TezYarn",
          "taskSchedulerClassName": "org.apache.tez.dag.app.rm.YarnTaskSchedulerService",
          "taskCommunicatorName": "TezYarn",
          "taskCommunicatorClassName": "org.apache.tez.dag.app.TezTaskCommunicatorImpl",
          "containerLauncherName": "TezYarn",
          "containerLauncherClassName": "org.apache.tez.dag.app.launcher.TezContainerLauncherImpl"
        },
        "vertexName": "Reducer 2",
        "counters": {
          "counterGroups": [
            {
              "counterGroupName": "org.apache.tez.common.counters.FileSystemCounter",
              "counterGroupDisplayName": "File System Counters",
              "counters": [
                {
                  "counterName": "FILE_BYTES_READ",
                  "counterValue": 41037
                },
                {
                  "counterName": "FILE_BYTES_WRITTEN",
                  "counterValue": 3262
                }
              ]
            },
            {
              "counterGroupName": "org.apache.tez.common.counters.TaskCounter",
              "counters": [
                {
                  "counterName": "REDUCE_INPUT_GROUPS",
                  "counterValue": 30
                },
                {
                  "counterName": "REDUCE_INPUT_RECORDS",
                  "counterValue": 134
                },
                {
                  "counterName": "SPILLED_RECORDS",
                  "counterValue": 164
                },
                {
                  "counterName": "NUM_SHUFFLED_INPUTS",
                  "counterValue": 81
                },
                {
                  "counterName": "NUM_SKIPPED_INPUTS",
                  "counterValue": 39
                },
                {
                  "counterName": "MERGED_MAP_OUTPUTS",
                  "counterValue": 81
                },
                {
                  "counterName": "GC_TIME_MILLIS",
                  "counterValue": 373
                },
                {
                  "counterName": "CPU_MILLISECONDS",
                  "counterValue": 6560
                },
                {
                  "counterName": "PHYSICAL_MEMORY_BYTES",
                  "counterValue": 26317684736
                },
                {
                  "counterName": "VIRTUAL_MEMORY_BYTES",
                  "counterValue": 87673495552
                },
                {
                  "counterName": "COMMITTED_HEAP_BYTES",
                  "counterValue": 26317684736
                },
                {
                  "counterName": "OUTPUT_RECORDS",
                  "counterValue": 30
                },
                {
                  "counterName": "OUTPUT_BYTES",
                  "counterValue": 932
                },
                {
                  "counterName": "OUTPUT_BYTES_WITH_OVERHEAD",
                  "counterValue": 1088
                },
                {
                  "counterName": "OUTPUT_BYTES_PHYSICAL",
                  "counterValue": 1152
                },
                {
                  "counterName": "ADDITIONAL_SPILLS_BYTES_WRITTEN",
                  "counterValue": 1470
                },
                {
                  "counterName": "ADDITIONAL_SPILLS_BYTES_READ",
                  "counterValue": 4188
                },
                {
                  "counterName": "SHUFFLE_CHUNK_COUNT",
                  "counterValue": 20
                },
                {
                  "counterName": "SHUFFLE_BYTES",
                  "counterValue": 5244
                },
                {
                  "counterName": "SHUFFLE_BYTES_DECOMPRESSED",
                  "counterValue": 4920
                },
                {
                  "counterName": "SHUFFLE_BYTES_TO_MEM",
                  "counterValue": 2526
                },
                {
                  "counterName": "SHUFFLE_BYTES_DISK_DIRECT",
                  "counterValue": 2718
                },
                {
                  "counterName": "SHUFFLE_PHASE_TIME",
                  "counterValue": 1673
                },
                {
                  "counterName": "MERGE_PHASE_TIME",
                  "counterValue": 2002
                },
                {
                  "counterName": "FIRST_EVENT_RECEIVED",
                  "counterValue": 832
                },
                {
                  "counterName": "LAST_EVENT_RECEIVED",
                  "counterValue": 862
                }
              ]
            },
            {
              "counterGroupName": "HIVE",
              "counters": [
                {
                  "counterName": "RECORDS_OUT_INTERMEDIATE_Reducer_2",
                  "counterValue": 199
                },
                {
                  "counterName": "RECORDS_OUT_OPERATOR_GBY_12",
                  "counterValue": 30
                },
                {
                  "counterName": "RECORDS_OUT_OPERATOR_RS_13",
                  "counterValue": 199
                }
              ]
            }
          ]
        },
        "numCompletedTasks": 20,
        "numSucceededTasks": 20,
        "numFailedTasks": 0,
        "initRequestedTime": 1659672095005,
        "startRequestedTime": 1659672095065,
        "timeTaken": 26251,
        "diagnostics": "",
        "stats": {
          "firstTaskStartTime": 1659672116514,
          "firstTasksToStart": [
            "task_1659670540238_0001_3_01_000005"
          ],
          "lastTaskFinishTime": 1659672121311,
          "lastTasksToFinish": [
            "task_1659670540238_0001_3_01_000000"
          ],
          "minTaskDuration": 152,
          "maxTaskDuration": 2569,
          "avgTaskDuration": 636.1,
          "shortestDurationTasks": [
            "task_1659670540238_0001_3_01_000016"
          ],
          "longestDurationTasks": [
            "task_1659670540238_0001_3_01_000000"
          ]
        },
        "startTime": 1659672095065,
        "endTime": 1659672121316,
        "numKilledTasks": 0,
        "initTime": 1659672095028,
        "status": "SUCCEEDED"
      }
    }
  ]
}