{
  "dag-extra-info": {
    "entitytype": "TEZ_DAG_EXTRA_INFO",
    "entity": "dag_1659670540238_0001_7",
    "starttime": 1659672846345,
    "events": [
      {
        "timestamp": 1659672933618,
        "eventtype": "DAG_FINISHED",
        "eventinfo": {}
      },
      {
        "timestamp": 1659672846345,
        "eventtype": "DAG_SUBMITTED",
        "eventinfo": {}
      }
    ],
    "domain": "Tez_ATS_application_1659670540238_0001_7",
    "relatedentities": {},
    "primaryfilters": {},
    "otherinfo": {
      "counters": {
        "counterGroups": [
          {
            "counterGroupName": "org.apache.tez.common.counters.DAGCounter",
            "counters": [
              {
                "counterName": "NUM_SUCCEEDED_TASKS",
                "counterValue": 112
              },
              {
                "counterName": "TOTAL_LAUNCHED_TASKS",
                "counterValue": 112
              },
              {
                "counterName": "AM_CPU_MILLISECONDS",
                "counterValue": 6160
              }
            ]
          },
          {
            "counterGroupName": "org.apache.tez.common.counters.FileSystemCounter",
            "counterGroupDisplayName": "File System Counters",
            "counters": [
              {
                "counterName": "FILE_BYTES_READ",
                "counterValue": 253325526
              },
              {
                "counterName": "FILE_BYTES_WRITTEN",
                "counterValue": 367940030
              },
              {
                "counterName": "HDFS_BYTES_READ",
                "counterValue": 1988876098
              },
              {
                "counterName": "HDFS_BYTES_WRITTEN",
                "counterValue": 831
              },
              {
                "counterName": "HDFS_READ_OPS",
                "counterValue": 23
              },
              {
                "counterName": "HDFS_WRITE_OPS",
                "counterValue": 2
              }
            ]
          },
          {
            "counterGroupName": "org.apache.tez.common.counters.TaskCounter",
            "counters": [
              {
                "counterName": "REDUCE_INPUT_GROUPS",
                "counterValue": 4077404
              },
              {
                "counterName": "REDUCE_INPUT_RECORDS",
                "counterValue": 12672067
              },
              {
                "counterName": "SPILLED_RECORDS",
                "counterValue": 25343984
              },
              {
                "counterName": "NUM_SHUFFLED_INPUTS",
                "counterValue": 634
              },
              {
                "counterName": "NUM_SKIPPED_INPUTS",
                "counterValue": 130
              },
              {
                "counterName": "MERGED_MAP_OUTPUTS",
                "counterValue": 634
              },
              {
                "counterName": "GC_TIME_MILLIS",
                "counterValue": 17876
              },
              {
                "counterName": "CPU_MILLISECONDS",
                "counterValue": 161590
              },
              {
                "counterName": "PHYSICAL_MEMORY_BYTES",
                "counterValue": 138835132416
              },
              {
                "counterName": "VIRTUAL_MEMORY_BYTES",
                "counterValue": 492554059776
              },
              {
                "counterName": "COMMITTED_HEAP_BYTES",
                "counterValue": 138835132416
              },
              {
                "counterName": "INPUT_RECORDS_PROCESSED",
                "counterValue": 14109227
              },
              {
                "counterName": "INPUT_SPLIT_LENGTH_BYTES",
                "counterValue": 1988843330
              },
              {
                "counterName": "OUTPUT_RECORDS",
                "counterValue": 12672067
              },
              {
                "counterName": "OUTPUT_BYTES",
                "counterValue": 306568623
              },
              {
                "counterName": "OUTPUT_BYTES_WITH_OVERHEAD",
                "counterValue": 252101983
              },
              {
                "counterName": "OUTPUT_BYTES_PHYSICAL",
                "counterValue": 252104519
              },
              {
                "counterName": "ADDITIONAL_SPILLS_BYTES_WRITTEN",
                "counterValue": 115816287
              },
              {
                "counterName": "ADDITIONAL_SPILLS_BYTES_READ",
                "counterValue": 252100031
              },
              {
                "counterName": "SHUFFLE_CHUNK_COUNT",
                "counterValue": 111
              },
              {
                "counterName": "SHUFFLE_BYTES",
                "counterValue": 252104519
              },
              {
                "counterName": "SHUFFLE_BYTES_DECOMPRESSED",
                "counterValue": 252101983
              },
              {
                "counterName": "SHUFFLE_BYTES_TO_MEM",
                "counterValue": 115820775
              },
              {
                "counterName": "SHUFFLE_BYTES_DISK_DIRECT",
                "counterValue": 136283744
              },
              {
                "counterName": "SHUFFLE_PHASE_TIME",
                "counterValue": 24657
              },
              {
                "counterName": "MERGE_PHASE_TIME",
                "counterValue": 33344
              },
              {
                "counterName": "FIRST_EVENT_RECEIVED",
                "counterValue": 2902
              },
              {
                "counterName": "LAST_EVENT_RECEIVED",
                "counterValue": 3442
              }
            ]
          },
          {
            "counterGroupName": "HIVE",
            "counters": [
              {
                "counterName": "CREATED_FILES",
                "counterValue": 1
              },
              {
                "counterName": "RECORDS_IN_Map_1",
                "counterValue": 3327733
              },
              {
                "counterName": "RECORDS_IN_Map_6",
                "counterValue": 10779154
              },
              {
                "counterName": "RECORDS_OUT_0",
                "counterValue": 15
              },
              {
                "counterName": "RECORDS_OUT_INTERMEDIATE_Map_1",
                "counterValue": 3240178
              },
              {
                "counterName": "RECORDS_OUT_INTERMEDIATE_Map_6",
                "counterValue": 21760013
              },
              {
                "counterName": "RECORDS_OUT_INTERMEDIATE_Reducer_2",
                "counterValue": 1275
              },
              {
                "counterName": "RECORDS_OUT_INTERMEDIATE_Reducer_3",
                "counterValue": 15
              },
              {
                "counterName": "RECORDS_OUT_INTERMEDIATE_Reducer_4",
                "counterValue": 71
              },
              {
                "counterName": "RECORDS_OUT_OPERATOR_FS_35",
                "counterValue": 15
              },
              {
                "counterName": "RECORDS_OUT_OPERATOR_GBY_24",
                "counterValue": 1890187
              },
              {
                "counterName": "RECORDS_OUT_OPERATOR_GBY_26",
                "counterValue": 1890182
              },
              {
                "counterName": "RECORDS_OUT_OPERATOR_LIM_29",
                "counterValue": 15
              },
              {
                "counterName": "RECORDS_OUT_OPERATOR_LIM_34",
                "counterValue": 15
              },
              {
                "counterName": "RECORDS_OUT_OPERATOR_MERGEJOIN_22",
                "counterValue": 165
              },
              {
                "counterName": "RECORDS_OUT_OPERATOR_RS_16",
                "counterValue": 71
              },
              {
                "counterName": "RECORDS_OUT_OPERATOR_RS_25",
                "counterValue": 3240178
              },
              {
                "counterName": "RECORDS_OUT_OPERATOR_RS_27",
                "counterValue": 1275
              },
              {
                "counterName": "RECORDS_OUT_OPERATOR_RS_30",
                "counterValue": 15
              },
              {
                "counterName": "RECORDS_OUT_OPERATOR_RS_32",
                "counterValue": 21760013
              },
              {
                "counterName": "RECORDS_OUT_OPERATOR_SEL_15",
                "counterValue": 165
              },
              {
                "counterName": "RECORDS_OUT_OPERATOR_SEL_23",
                "counterValue": 3327733
              },
              {
                "counterName": "RECORDS_OUT_OPERATOR_SEL_28",
                "counterValue": 300
              },
              {
                "counterName": "RECORDS_OUT_OPERATOR_SEL_31",
                "counterValue": 10781494
              },
              {
                "counterName": "RECORDS_OUT_OPERATOR_SEL_33",
                "counterValue": 71
              },
              {
                "counterName": "RECORDS_OUT_OPERATOR_TS_0",
                "counterValue": 3327733
              },
              {
                "counterName": "RECORDS_OUT_OPERATOR_TS_10",
                "counterValue": 10781494
              }
            ]
          },
          {
            "counterGroupName": "org.apache.hadoop.hive.ql.exec.tez.HiveInputCounters",
            "counters": [
              {
                "counterName": "GROUPED_INPUT_SPLITS_Map_1",
                "counterValue": 6
              },
              {
                "counterName": "GROUPED_INPUT_SPLITS_Map_6",
                "counterValue": 6
              },
              {
                "counterName": "INPUT_DIRECTORIES_Map_1",
                "counterValue": 1
              },
              {
                "counterName": "INPUT_DIRECTORIES_Map_6",
                "counterValue": 1
              },
              {
                "counterName": "INPUT_FILES_Map_1",
                "counterValue": 4
              },
              {
                "counterName": "INPUT_FILES_Map_6",
                "counterValue": 8
              },
              {
                "counterName": "RAW_INPUT_SPLITS_Map_1",
                "counterValue": 6
              },
              {
                "counterName": "RAW_INPUT_SPLITS_Map_6",
                "counterValue": 14
              }
            ]
          }
        ]
      },
      "dagPlan": {
        "dagName": "SELECT p.id_viagem, t.origem_pais, t.de...15 (Stage-1)",
        "dagInfo": "{\"context\":\"Hive\",\"description\":\"SELECT p.id_viagem, t.origem_pais, t.destino_pais, valor FROM (SELECT id_viagem, SUM(valor) as valor FROM viagens.pagamentos GROUP BY id_viagem ORDER BY valor DESC LIMIT 15) p LEFT OUTER JOIN viagens.trechos t\\nON p.id_viagem = t.id_viagem\\nORDER BY valor DESC LIMIT 15\"}",
        "dagContext": {
          "callerId": "hive_20220805041405_20e8297f-edc0-4827-a990-59d153c2b61d",
          "callerType": "HIVE_QUERY_ID",
          "context": "HIVE",
          "description": "SELECT p.id_viagem, t.origem_pais, t.destino_pais, valor FROM (SELECT id_viagem, SUM(valor) as valor FROM viagens.pagamentos GROUP BY id_viagem ORDER BY valor DESC LIMIT 15) p LEFT OUTER JOIN viagens.trechos t\nON p.id_viagem = t.id_viagem\nORDER BY valor DESC LIMIT 15"
        },
        "version": 2,
        "vertices": [
          {
            "vertexName": "Map 6",
            "processorClass": "org.apache.hadoop.hive.ql.exec.tez.MapTezProcessor",
            "outEdgeIds": [
              "281354442"
            ],
            "additionalInputs": [
              {
                "name": "t",
                "class": "org.apache.tez.mapreduce.input.MRInputLegacy",
                "initializer": "org.apache.hadoop.hive.ql.exec.tez.HiveSplitGenerator"
              }
            ]
          },
          {
            "vertexName": "Map 1",
            "processorClass": "org.apache.hadoop.hive.ql.exec.tez.MapTezProcessor",
            "outEdgeIds": [
              "1563258501"
            ],
            "additionalInputs": [
              {
                "name": "pagamentos",
                "class": "org.apache.tez.mapreduce.input.MRInputLegacy",
                "initializer": "org.apache.hadoop.hive.ql.exec.tez.HiveSplitGenerator"
              }
            ]
          },
          {
            "vertexName": "Reducer 2",
            "processorClass": "org.apache.hadoop.hive.ql.exec.tez.ReduceTezProcessor",
            "inEdgeIds": [
              "1563258501"
            ],
            "outEdgeIds": [
              "1684959470"
            ]
          },
          {
            "vertexName": "Reducer 3",
            "processorClass": "org.apache.hadoop.hive.ql.exec.tez.ReduceTezProcessor",
            "inEdgeIds": [
              "1684959470"
            ],
            "outEdgeIds": [
              "1325922499"
            ]
          },
          {
            "vertexName": "Reducer 4",
            "processorClass": "org.apache.hadoop.hive.ql.exec.tez.ReduceTezProcessor",
            "inEdgeIds": [
              "281354442",
              "1325922499"
            ],
            "outEdgeIds": [
              "1987920537"
            ]
          },
          {
            "vertexName": "Reducer 5",
            "processorClass": "org.apache.hadoop.hive.ql.exec.tez.ReduceTezProcessor",
            "inEdgeIds": [
              "1987920537"
            ],
            "additionalOutputs": [
              {
                "name": "out_Reducer 5",
                "class": "org.apache.tez.mapreduce.output.MROutput"
              }
            ]
          }
        ],
        "edges": [
          {
            "edgeId": "1987920537",
            "inputVertexName": "Reducer 4",
            "outputVertexName": "Reducer 5",
            "dataMovementType": "SCATTER_GATHER",
            "dataSourceType": "PERSISTED",
            "schedulingType": "SEQUENTIAL",
            "edgeSourceClass": "org.apache.tez.runtime.library.output.OrderedPartitionedKVOutput",
            "edgeDestinationClass": "org.apache.tez.runtime.library.input.OrderedGroupedKVInput"
          },
          {
            "edgeId": "1325922499",
            "inputVertexName": "Reducer 3",
            "outputVertexName": "Reducer 4",
            "dataMovementType": "SCATTER_GATHER",
            "dataSourceType": "PERSISTED",
            "schedulingType": "SEQUENTIAL",
            "edgeSourceClass": "org.apache.tez.runtime.library.output.OrderedPartitionedKVOutput",
            "edgeDestinationClass": "org.apache.tez.runtime.library.input.OrderedGroupedKVInput"
          },
          {
            "edgeId": "1684959470",
            "inputVertexName": "Reducer 2",
            "outputVertexName": "Reducer 3",
            "dataMovementType": "SCATTER_GATHER",
            "dataSourceType": "PERSISTED",
            "schedulingType": "SEQUENTIAL",
            "edgeSourceClass": "org.apache.tez.runtime.library.output.OrderedPartitionedKVOutput",
            "edgeDestinationClass": "org.apache.tez.runtime.library.input.OrderedGroupedKVInput"
          },
          {
            "edgeId": "281354442",
            "inputVertexName": "Map 6",
            "outputVertexName": "Reducer 4",
            "dataMovementType": "SCATTER_GATHER",
            "dataSourceType": "PERSISTED",
            "schedulingType": "SEQUENTIAL",
            "edgeSourceClass": "org.apache.tez.runtime.library.output.OrderedPartitionedKVOutput",
            "edgeDestinationClass": "org.apache.tez.runtime.library.input.OrderedGroupedKVInput"
          },
          {
            "edgeId": "1563258501",
            "inputVertexName": "Map 1",
            "outputVertexName": "Reducer 2",
            "dataMovementType": "SCATTER_GATHER",
            "dataSourceType": "PERSISTED",
            "schedulingType": "SEQUENTIAL",
            "edgeSourceClass": "org.apache.tez.runtime.library.output.OrderedPartitionedKVOutput",
            "edgeDestinationClass": "org.apache.tez.runtime.library.input.OrderedGroupedKVInput"
          }
        ]
      }
    }
  }
}