{
  "dag": {
    "entitytype": "TEZ_DAG_ID",
    "entity": "dag_1659670540238_0001_7",
    "starttime": 1659672846345,
    "events": [
      {
        "timestamp": 1659672933618,
        "eventtype": "DAG_FINISHED",
        "eventinfo": {}
      },
      {
        "timestamp": 1659672846446,
        "eventtype": "DAG_STARTED",
        "eventinfo": {}
      },
      {
        "timestamp": 1659672846441,
        "eventtype": "DAG_INITIALIZED",
        "eventinfo": {}
      },
      {
        "timestamp": 1659672846345,
        "eventtype": "DAG_SUBMITTED",
        "eventinfo": {}
      }
    ],
    "domain": "Tez_ATS_application_1659670540238_0001_7",
    "relatedentities": {
      "TEZ_DAG_EXTRA_INFO": [
        "dag_1659670540238_0001_7"
      ],
      "TEZ_VERTEX_ID": [
        "vertex_1659670540238_0001_7_04",
        "vertex_1659670540238_0001_7_05",
        "vertex_1659670540238_0001_7_00",
        "vertex_1659670540238_0001_7_01",
        "vertex_1659670540238_0001_7_02",
        "vertex_1659670540238_0001_7_03"
      ]
    },
    "primaryfilters": {
      "dagName": [
        "SELECT p.id_viagem, t.origem_pais, t.de...15 (Stage-1)"
      ],
      "queueName": [
        "default"
      ],
      "callerId": [
        "hive_20220805041405_20e8297f-edc0-4827-a990-59d153c2b61d"
      ],
      "applicationId": [
        "application_1659670540238_0001"
      ],
      "user": [
        "danielguedesfis"
      ],
      "status": [
        "SUCCEEDED"
      ]
    },
    "otherinfo": {
      "completionApplicationAttemptId": "appattempt_1659670540238_0001_000001",
      "numFailedTaskAttempts": 0,
      "callerContext": "HIVE",
      "numKilledTaskAttempts": 0,
      "numCompletedTasks": 112,
      "amWebServiceVersion": "2",
      "inProgressLogsURL_1": "http://iv5wxb3ymvccdpjxx27gokbpri-dot-southamerica-east1.dataproc.googleusercontent.com:80/gateway/default/node/containerlogs/container_1659670540238_0001_01_000001/danielguedesfis?scheme=http&nm_port=8026&port=8042&host=cluster-hadoop-w-1.southamerica-east1-c.c.river-runner-355919.internal",
      "numSucceededTasks": 112,
      "vertexNameIdMapping": {
        "Map 1": "vertex_1659670540238_0001_7_01",
        "Map 6": "vertex_1659670540238_0001_7_00",
        "Reducer 2": "vertex_1659670540238_0001_7_02",
        "Reducer 3": "vertex_1659670540238_0001_7_03",
        "Reducer 4": "vertex_1659670540238_0001_7_04",
        "Reducer 5": "vertex_1659670540238_0001_7_05"
      },
      "numFailedTasks": 0,
      "timeTaken": 87172,
      "diagnostics": "",
      "queueName": "default",
      "applicationAttemptId": "appattempt_1659670540238_0001_000001",
      "callerType": "HIVE_QUERY_ID",
      "startTime": 1659672846446,
      "callerId": "hive_20220805041405_20e8297f-edc0-4827-a990-59d153c2b61d",
      "endTime": 1659672933618,
      "applicationId": "application_1659670540238_0001",
      "numKilledTasks": 0,
      "initTime": 1659672846441,
      "user": "danielguedesfis",
      "status": "SUCCEEDED"
    }
  }
}