{
  "vertices": [
    {
      "entitytype": "TEZ_VERTEX_ID",
      "entity": "vertex_1659670540238_0001_7_05",
      "starttime": 1659672846797,
      "events": [
        {
          "timestamp": 1659672933614,
          "eventtype": "VERTEX_FINISHED",
          "eventinfo": {}
        },
        {
          "timestamp": 1659672846818,
          "eventtype": "VERTEX_STARTED",
          "eventinfo": {}
        },
        {
          "timestamp": 1659672846797,
          "eventtype": "VERTEX_CONFIGURE_DONE",
          "eventinfo": {
            "numTasks": 1,
            "updatedEdgeManagers": {
              "Reducer 4": {
                "schedulingType": "SEQUENTIAL",
                "edgeSourceClass": "org.apache.tez.runtime.library.output.OrderedPartitionedKVOutput",
                "dataMovementType": "SCATTER_GATHER",
                "edgeDestinationClass": "org.apache.tez.runtime.library.input.OrderedGroupedKVInput",
                "dataSourceType": "PERSISTED"
              }
            }
          }
        },
        {
          "timestamp": 1659672846797,
          "eventtype": "VERTEX_INITIALIZED",
          "eventinfo": {}
        }
      ],
      "domain": "Tez_ATS_application_1659670540238_0001_7",
      "relatedentities": {},
      "primaryfilters": {
        "TEZ_DAG_ID": [
          "dag_1659670540238_0001_7"
        ],
        "applicationId": [
          "application_1659670540238_0001"
        ],
        "status": [
          "SUCCEEDED"
        ]
      },
      "otherinfo": {
        "numTasks": 1,
        "numFailedTaskAttempts": 0,
        "processorClassName": "org.apache.hadoop.hive.ql.exec.tez.ReduceTezProcessor",
        "numKilledTaskAttempts": 0,
        "servicePlugin": {
          "taskSchedulerName": "TezYarn",
          "taskSchedulerClassName": "org.apache.tez.dag.app.rm.YarnTaskSchedulerService",
          "taskCommunicatorName": "TezYarn",
          "taskCommunicatorClassName": "org.apache.tez.dag.app.TezTaskCommunicatorImpl",
          "containerLauncherName": "TezYarn",
          "containerLauncherClassName": "org.apache.tez.dag.app.launcher.TezContainerLauncherImpl"
        },
        "vertexName": "Reducer 5",
        "counters": {
          "counterGroups": [
            {
              "counterGroupName": "org.apache.tez.common.counters.FileSystemCounter",
              "counterGroupDisplayName": "File System Counters",
              "counters": [
                {
                  "counterName": "FILE_BYTES_READ",
                  "counterValue": 1785
                },
                {
                  "counterName": "FILE_BYTES_WRITTEN",
                  "counterValue": 1196
                },
                {
                  "counterName": "HDFS_BYTES_WRITTEN",
                  "counterValue": 831
                },
                {
                  "counterName": "HDFS_READ_OPS",
                  "counterValue": 3
                },
                {
                  "counterName": "HDFS_WRITE_OPS",
                  "counterValue": 2
                }
              ]
            },
            {
              "counterGroupName": "org.apache.tez.common.counters.TaskCounter",
              "counters": [
                {
                  "counterName": "REDUCE_INPUT_GROUPS",
                  "counterValue": 15
                },
                {
                  "counterName": "REDUCE_INPUT_RECORDS",
                  "counterValue": 71
                },
                {
                  "counterName": "SPILLED_RECORDS",
                  "counterValue": 71
                },
                {
                  "counterName": "NUM_SHUFFLED_INPUTS",
                  "counterValue": 13
                },
                {
                  "counterName": "NUM_SKIPPED_INPUTS",
                  "counterValue": 65
                },
                {
                  "counterName": "MERGED_MAP_OUTPUTS",
                  "counterValue": 13
                },
                {
                  "counterName": "CPU_MILLISECONDS",
                  "counterValue": 460
                },
                {
                  "counterName": "PHYSICAL_MEMORY_BYTES",
                  "counterValue": 1059061760
                },
                {
                  "counterName": "VIRTUAL_MEMORY_BYTES",
                  "counterValue": 4402008064
                },
                {
                  "counterName": "COMMITTED_HEAP_BYTES",
                  "counterValue": 1059061760
                },
                {
                  "counterName": "ADDITIONAL_SPILLS_BYTES_WRITTEN",
                  "counterValue": 1196
                },
                {
                  "counterName": "ADDITIONAL_SPILLS_BYTES_READ",
                  "counterValue": 1657
                },
                {
                  "counterName": "SHUFFLE_BYTES",
                  "counterValue": 1737
                },
                {
                  "counterName": "SHUFFLE_BYTES_DECOMPRESSED",
                  "counterValue": 1685
                },
                {
                  "counterName": "SHUFFLE_BYTES_TO_MEM",
                  "counterValue": 1276
                },
                {
                  "counterName": "SHUFFLE_BYTES_DISK_DIRECT",
                  "counterValue": 461
                },
                {
                  "counterName": "SHUFFLE_PHASE_TIME",
                  "counterValue": 75
                },
                {
                  "counterName": "MERGE_PHASE_TIME",
                  "counterValue": 78
                },
                {
                  "counterName": "FIRST_EVENT_RECEIVED",
                  "counterValue": 38
                },
                {
                  "counterName": "LAST_EVENT_RECEIVED",
                  "counterValue": 61
                }
              ]
            },
            {
              "counterGroupName": "HIVE",
              "counters": [
                {
                  "counterName": "CREATED_FILES",
                  "counterValue": 1
                },
                {
                  "counterName": "RECORDS_OUT_0",
                  "counterValue": 15
                },
                {
                  "counterName": "RECORDS_OUT_OPERATOR_FS_35",
                  "counterValue": 15
                },
                {
                  "counterName": "RECORDS_OUT_OPERATOR_LIM_34",
                  "counterValue": 15
                },
                {
                  "counterName": "RECORDS_OUT_OPERATOR_SEL_33",
                  "counterValue": 71
                }
              ]
            }
          ]
        },
        "numCompletedTasks": 1,
        "numSucceededTasks": 1,
        "numFailedTasks": 0,
        "initRequestedTime": 1659672846770,
        "startRequestedTime": 1659672846818,
        "timeTaken": 86796,
        "diagnostics": "",
        "stats": {
          "firstTaskStartTime": 1659672932722,
          "firstTasksToStart": [
            "task_1659670540238_0001_7_05_000000"
          ],
          "lastTaskFinishTime": 1659672933613,
          "lastTasksToFinish": [
            "task_1659670540238_0001_7_05_000000"
          ],
          "minTaskDuration": 891,
          "maxTaskDuration": 891,
          "avgTaskDuration": 891,
          "shortestDurationTasks": [
            "task_1659670540238_0001_7_05_000000"
          ],
          "longestDurationTasks": [
            "task_1659670540238_0001_7_05_000000"
          ]
        },
        "startTime": 1659672846818,
        "endTime": 1659672933614,
        "numKilledTasks": 0,
        "initTime": 1659672846797,
        "status": "SUCCEEDED"
      }
    },
    {
      "entitytype": "TEZ_VERTEX_ID",
      "entity": "vertex_1659670540238_0001_7_01",
      "starttime": 1659672846770,
      "events": [
        {
          "timestamp": 1659672890702,
          "eventtype": "VERTEX_FINISHED",
          "eventinfo": {}
        },
        {
          "timestamp": 1659672846804,
          "eventtype": "VERTEX_CONFIGURE_DONE",
          "eventinfo": {
            "numTasks": 6
          }
        },
        {
          "timestamp": 1659672846804,
          "eventtype": "VERTEX_STARTED",
          "eventinfo": {}
        },
        {
          "timestamp": 1659672846770,
          "eventtype": "VERTEX_INITIALIZED",
          "eventinfo": {}
        }
      ],
      "domain": "Tez_ATS_application_1659670540238_0001_7",
      "relatedentities": {},
      "primaryfilters": {
        "TEZ_DAG_ID": [
          "dag_1659670540238_0001_7"
        ],
        "applicationId": [
          "application_1659670540238_0001"
        ],
        "status": [
          "SUCCEEDED"
        ]
      },
      "otherinfo": {
        "numTasks": 6,
        "numFailedTaskAttempts": 0,
        "processorClassName": "org.apache.hadoop.hive.ql.exec.tez.MapTezProcessor",
        "numKilledTaskAttempts": 0,
        "servicePlugin": {
          "taskSchedulerName": "TezYarn",
          "taskSchedulerClassName": "org.apache.tez.dag.app.rm.YarnTaskSchedulerService",
          "taskCommunicatorName": "TezYarn",
          "taskCommunicatorClassName": "org.apache.tez.dag.app.TezTaskCommunicatorImpl",
          "containerLauncherName": "TezYarn",
          "containerLauncherClassName": "org.apache.tez.dag.app.launcher.TezContainerLauncherImpl"
        },
        "vertexName": "Map 1",
        "counters": {
          "counterGroups": [
            {
              "counterGroupName": "org.apache.tez.common.counters.FileSystemCounter",
              "counterGroupDisplayName": "File System Counters",
              "counters": [
                {
                  "counterName": "FILE_BYTES_READ",
                  "counterValue": 5856
                },
                {
                  "counterName": "FILE_BYTES_WRITTEN",
                  "counterValue": 39697991
                },
                {
                  "counterName": "HDFS_BYTES_READ",
                  "counterValue": 501026980
                },
                {
                  "counterName": "HDFS_READ_OPS",
                  "counterValue": 6
                }
              ]
            },
            {
              "counterGroupName": "org.apache.tez.common.counters.TaskCounter",
              "counters": [
                {
                  "counterName": "SPILLED_RECORDS",
                  "counterValue": 1890187
                },
                {
                  "counterName": "GC_TIME_MILLIS",
                  "counterValue": 332
                },
                {
                  "counterName": "CPU_MILLISECONDS",
                  "counterValue": 16970
                },
                {
                  "counterName": "PHYSICAL_MEMORY_BYTES",
                  "counterValue": 6757023744
                },
                {
                  "counterName": "VIRTUAL_MEMORY_BYTES",
                  "counterValue": 26286604288
                },
                {
                  "counterName": "COMMITTED_HEAP_BYTES",
                  "counterValue": 6757023744
                },
                {
                  "counterName": "INPUT_RECORDS_PROCESSED",
                  "counterValue": 3327733
                },
                {
                  "counterName": "INPUT_SPLIT_LENGTH_BYTES",
                  "counterValue": 501018788
                },
                {
                  "counterName": "OUTPUT_RECORDS",
                  "counterValue": 1890187
                },
                {
                  "counterName": "OUTPUT_BYTES",
                  "counterValue": 35913489
                },
                {
                  "counterName": "OUTPUT_BYTES_WITH_OVERHEAD",
                  "counterValue": 39694583
                },
                {
                  "counterName": "OUTPUT_BYTES_PHYSICAL",
                  "counterValue": 39695063
                },
                {
                  "counterName": "SHUFFLE_CHUNK_COUNT",
                  "counterValue": 6
                }
              ]
            },
            {
              "counterGroupName": "HIVE",
              "counters": [
                {
                  "counterName": "RECORDS_IN_Map_1",
                  "counterValue": 3327733
                },
                {
                  "counterName": "RECORDS_OUT_INTERMEDIATE_Map_1",
                  "counterValue": 3240178
                },
                {
                  "counterName": "RECORDS_OUT_OPERATOR_GBY_24",
                  "counterValue": 1890187
                },
                {
                  "counterName": "RECORDS_OUT_OPERATOR_RS_25",
                  "counterValue": 3240178
                },
                {
                  "counterName": "RECORDS_OUT_OPERATOR_SEL_23",
                  "counterValue": 3327733
                },
                {
                  "counterName": "RECORDS_OUT_OPERATOR_TS_0",
                  "counterValue": 3327733
                }
              ]
            },
            {
              "counterGroupName": "org.apache.hadoop.hive.ql.exec.tez.HiveInputCounters",
              "counters": [
                {
                  "counterName": "GROUPED_INPUT_SPLITS_Map_1",
                  "counterValue": 6
                },
                {
                  "counterName": "INPUT_DIRECTORIES_Map_1",
                  "counterValue": 1
                },
                {
                  "counterName": "INPUT_FILES_Map_1",
                  "counterValue": 4
                },
                {
                  "counterName": "RAW_INPUT_SPLITS_Map_1",
                  "counterValue": 6
                }
              ]
            }
          ]
        },
        "numCompletedTasks": 6,
        "numSucceededTasks": 6,
        "numFailedTasks": 0,
        "initRequestedTime": 1659672846553,
        "startRequestedTime": 1659672846649,
        "timeTaken": 43898,
        "diagnostics": "",
        "stats": {
          "firstTaskStartTime": 1659672882576,
          "firstTasksToStart": [
            "task_1659670540238_0001_7_01_000002"
          ],
          "lastTaskFinishTime": 1659672890701,
          "lastTasksToFinish": [
            "task_1659670540238_0001_7_01_000001"
          ],
          "minTaskDuration": 1573,
          "maxTaskDuration": 5820,
          "avgTaskDuration": 3110,
          "shortestDurationTasks": [
            "task_1659670540238_0001_7_01_000000"
          ],
          "longestDurationTasks": [
            "task_1659670540238_0001_7_01_000002"
          ]
        },
        "startTime": 1659672846804,
        "endTime": 1659672890702,
        "numKilledTasks": 0,
        "initTime": 1659672846770,
        "status": "SUCCEEDED"
      }
    },
    {
      "entitytype": "TEZ_VERTEX_ID",
      "entity": "vertex_1659670540238_0001_7_04",
      "starttime": 1659672846768,
      "events": [
        {
          "timestamp": 1659672932926,
          "eventtype": "VERTEX_FINISHED",
          "eventinfo": {}
        },
        {
          "timestamp": 1659672846816,
          "eventtype": "VERTEX_STARTED",
          "eventinfo": {}
        },
        {
          "timestamp": 1659672846769,
          "eventtype": "VERTEX_INITIALIZED",
          "eventinfo": {}
        },
        {
          "timestamp": 1659672846768,
          "eventtype": "VERTEX_CONFIGURE_DONE",
          "eventinfo": {
            "numTasks": 78,
            "updatedEdgeManagers": {
              "Reducer 3": {
                "schedulingType": "SEQUENTIAL",
                "edgeSourceClass": "org.apache.tez.runtime.library.output.OrderedPartitionedKVOutput",
                "dataMovementType": "SCATTER_GATHER",
                "edgeDestinationClass": "org.apache.tez.runtime.library.input.OrderedGroupedKVInput",
                "dataSourceType": "PERSISTED"
              },
              "Map 6": {
                "schedulingType": "SEQUENTIAL",
                "edgeSourceClass": "org.apache.tez.runtime.library.output.OrderedPartitionedKVOutput",
                "dataMovementType": "SCATTER_GATHER",
                "edgeDestinationClass": "org.apache.tez.runtime.library.input.OrderedGroupedKVInput",
                "dataSourceType": "PERSISTED"
              }
            }
          }
        }
      ],
      "domain": "Tez_ATS_application_1659670540238_0001_7",
      "relatedentities": {},
      "primaryfilters": {
        "TEZ_DAG_ID": [
          "dag_1659670540238_0001_7"
        ],
        "applicationId": [
          "application_1659670540238_0001"
        ],
        "status": [
          "SUCCEEDED"
        ]
      },
      "otherinfo": {
        "numTasks": 78,
        "numFailedTaskAttempts": 0,
        "processorClassName": "org.apache.hadoop.hive.ql.exec.tez.ReduceTezProcessor",
        "numKilledTaskAttempts": 0,
        "servicePlugin": {
          "taskSchedulerName": "TezYarn",
          "taskSchedulerClassName": "org.apache.tez.dag.app.rm.YarnTaskSchedulerService",
          "taskCommunicatorName": "TezYarn",
          "taskCommunicatorClassName": "org.apache.tez.dag.app.TezTaskCommunicatorImpl",
          "containerLauncherName": "TezYarn",
          "containerLauncherClassName": "org.apache.tez.dag.app.launcher.TezContainerLauncherImpl"
        },
        "vertexName": "Reducer 4",
        "counters": {
          "counterGroups": [
            {
              "counterGroupName": "org.apache.tez.common.counters.FileSystemCounter",
              "counterGroupDisplayName": "File System Counters",
              "counters": [
                {
                  "counterName": "FILE_BYTES_READ",
                  "counterValue": 213448661
                },
                {
                  "counterName": "FILE_BYTES_WRITTEN",
                  "counterValue": 95972603
                }
              ]
            },
            {
              "counterGroupName": "org.apache.tez.common.counters.TaskCounter",
              "counters": [
                {
                  "counterName": "REDUCE_INPUT_GROUPS",
                  "counterValue": 2186928
                },
                {
                  "counterName": "REDUCE_INPUT_RECORDS",
                  "counterValue": 10781509
                },
                {
                  "counterName": "SPILLED_RECORDS",
                  "counterValue": 10781580
                },
                {
                  "counterName": "NUM_SHUFFLED_INPUTS",
                  "counterValue": 481
                },
                {
                  "counterName": "NUM_SKIPPED_INPUTS",
                  "counterValue": 65
                },
                {
                  "counterName": "MERGED_MAP_OUTPUTS",
                  "counterValue": 481
                },
                {
                  "counterName": "GC_TIME_MILLIS",
                  "counterValue": 7861
                },
                {
                  "counterName": "CPU_MILLISECONDS",
                  "counterValue": 54980
                },
                {
                  "counterName": "PHYSICAL_MEMORY_BYTES",
                  "counterValue": 100022091776
                },
                {
                  "counterName": "VIRTUAL_MEMORY_BYTES",
                  "counterValue": 343312756736
                },
                {
                  "counterName": "COMMITTED_HEAP_BYTES",
                  "counterValue": 100022091776
                },
                {
                  "counterName": "OUTPUT_RECORDS",
                  "counterValue": 71
                },
                {
                  "counterName": "OUTPUT_BYTES",
                  "counterValue": 2065
                },
                {
                  "counterName": "OUTPUT_BYTES_WITH_OVERHEAD",
                  "counterValue": 1685
                },
                {
                  "counterName": "OUTPUT_BYTES_PHYSICAL",
                  "counterValue": 1737
                },
                {
                  "counterName": "ADDITIONAL_SPILLS_BYTES_WRITTEN",
                  "counterValue": 95968370
                },
                {
                  "counterName": "ADDITIONAL_SPILLS_BYTES_READ",
                  "counterValue": 212400982
                },
                {
                  "counterName": "SHUFFLE_CHUNK_COUNT",
                  "counterValue": 78
                },
                {
                  "counterName": "SHUFFLE_BYTES",
                  "counterValue": 212402265
                },
                {
                  "counterName": "SHUFFLE_BYTES_DECOMPRESSED",
                  "counterValue": 212400341
                },
                {
                  "counterName": "SHUFFLE_BYTES_TO_MEM",
                  "counterValue": 95969653
                },
                {
                  "counterName": "SHUFFLE_BYTES_DISK_DIRECT",
                  "counterValue": 116432612
                },
                {
                  "counterName": "SHUFFLE_PHASE_TIME",
                  "counterValue": 5859
                },
                {
                  "counterName": "MERGE_PHASE_TIME",
                  "counterValue": 11835
                },
                {
                  "counterName": "FIRST_EVENT_RECEIVED",
                  "counterValue": 2073
                },
                {
                  "counterName": "LAST_EVENT_RECEIVED",
                  "counterValue": 2126
                }
              ]
            },
            {
              "counterGroupName": "HIVE",
              "counters": [
                {
                  "counterName": "RECORDS_OUT_INTERMEDIATE_Reducer_4",
                  "counterValue": 71
                },
                {
                  "counterName": "RECORDS_OUT_OPERATOR_MERGEJOIN_22",
                  "counterValue": 165
                },
                {
                  "counterName": "RECORDS_OUT_OPERATOR_RS_16",
                  "counterValue": 71
                },
                {
                  "counterName": "RECORDS_OUT_OPERATOR_SEL_15",
                  "counterValue": 165
                }
              ]
            }
          ]
        },
        "numCompletedTasks": 78,
        "numSucceededTasks": 78,
        "numFailedTasks": 0,
        "initRequestedTime": 1659672846747,
        "startRequestedTime": 1659672846816,
        "timeTaken": 86110,
        "diagnostics": "",
        "stats": {
          "firstTaskStartTime": 1659672908080,
          "firstTasksToStart": [
            "task_1659670540238_0001_7_04_000012",
            "task_1659670540238_0001_7_04_000003"
          ],
          "lastTaskFinishTime": 1659672932925,
          "lastTasksToFinish": [
            "task_1659670540238_0001_7_04_000076"
          ],
          "minTaskDuration": 277,
          "maxTaskDuration": 5679,
          "avgTaskDuration": 943.5641025641025,
          "shortestDurationTasks": [
            "task_1659670540238_0001_7_04_000031"
          ],
          "longestDurationTasks": [
            "task_1659670540238_0001_7_04_000003"
          ]
        },
        "startTime": 1659672846816,
        "endTime": 1659672932926,
        "numKilledTasks": 0,
        "initTime": 1659672846769,
        "status": "SUCCEEDED"
      }
    },
    {
      "entitytype": "TEZ_VERTEX_ID",
      "entity": "vertex_1659670540238_0001_7_00",
      "starttime": 1659672846740,
      "events": [
        {
          "timestamp": 1659672884100,
          "eventtype": "VERTEX_FINISHED",
          "eventinfo": {}
        },
        {
          "timestamp": 1659672846769,
          "eventtype": "VERTEX_CONFIGURE_DONE",
          "eventinfo": {
            "numTasks": 6
          }
        },
        {
          "timestamp": 1659672846769,
          "eventtype": "VERTEX_STARTED",
          "eventinfo": {}
        },
        {
          "timestamp": 1659672846740,
          "eventtype": "VERTEX_INITIALIZED",
          "eventinfo": {}
        }
      ],
      "domain": "Tez_ATS_application_1659670540238_0001_7",
      "relatedentities": {},
      "primaryfilters": {
        "TEZ_DAG_ID": [
          "dag_1659670540238_0001_7"
        ],
        "applicationId": [
          "application_1659670540238_0001"
        ],
        "status": [
          "SUCCEEDED"
        ]
      },
      "otherinfo": {
        "numTasks": 6,
        "numFailedTaskAttempts": 0,
        "processorClassName": "org.apache.hadoop.hive.ql.exec.tez.MapTezProcessor",
        "numKilledTaskAttempts": 0,
        "servicePlugin": {
          "taskSchedulerName": "TezYarn",
          "taskSchedulerClassName": "org.apache.tez.dag.app.rm.YarnTaskSchedulerService",
          "taskCommunicatorName": "TezYarn",
          "taskCommunicatorClassName": "org.apache.tez.dag.app.TezTaskCommunicatorImpl",
          "containerLauncherName": "TezYarn",
          "containerLauncherClassName": "org.apache.tez.dag.app.launcher.TezContainerLauncherImpl"
        },
        "vertexName": "Map 6",
        "counters": {
          "counterGroups": [
            {
              "counterGroupName": "org.apache.tez.common.counters.FileSystemCounter",
              "counterGroupDisplayName": "File System Counters",
              "counters": [
                {
                  "counterName": "FILE_BYTES_READ",
                  "counterValue": 22560
                },
                {
                  "counterName": "FILE_BYTES_WRITTEN",
                  "counterValue": 212413100
                },
                {
                  "counterName": "HDFS_BYTES_READ",
                  "counterValue": 1487849118
                },
                {
                  "counterName": "HDFS_READ_OPS",
                  "counterValue": 14
                }
              ]
            },
            {
              "counterGroupName": "org.apache.tez.common.counters.TaskCounter",
              "counters": [
                {
                  "counterName": "SPILLED_RECORDS",
                  "counterValue": 10781494
                },
                {
                  "counterName": "GC_TIME_MILLIS",
                  "counterValue": 2778
                },
                {
                  "counterName": "CPU_MILLISECONDS",
                  "counterValue": 68270
                },
                {
                  "counterName": "PHYSICAL_MEMORY_BYTES",
                  "counterValue": 4833935360
                },
                {
                  "counterName": "VIRTUAL_MEMORY_BYTES",
                  "counterValue": 26281787392
                },
                {
                  "counterName": "COMMITTED_HEAP_BYTES",
                  "counterValue": 4833935360
                },
                {
                  "counterName": "INPUT_RECORDS_PROCESSED",
                  "counterValue": 10781494
                },
                {
                  "counterName": "INPUT_SPLIT_LENGTH_BYTES",
                  "counterValue": 1487824542
                },
                {
                  "counterName": "OUTPUT_RECORDS",
                  "counterValue": 10781494
                },
                {
                  "counterName": "OUTPUT_BYTES",
                  "counterValue": 270648130
                },
                {
                  "counterName": "OUTPUT_BYTES_WITH_OVERHEAD",
                  "counterValue": 212399948
                },
                {
                  "counterName": "OUTPUT_BYTES_PHYSICAL",
                  "counterValue": 212401820
                },
                {
                  "counterName": "SHUFFLE_CHUNK_COUNT",
                  "counterValue": 6
                }
              ]
            },
            {
              "counterGroupName": "HIVE",
              "counters": [
                {
                  "counterName": "RECORDS_IN_Map_6",
                  "counterValue": 10779154
                },
                {
                  "counterName": "RECORDS_OUT_INTERMEDIATE_Map_6",
                  "counterValue": 21760013
                },
                {
                  "counterName": "RECORDS_OUT_OPERATOR_RS_32",
                  "counterValue": 21760013
                },
                {
                  "counterName": "RECORDS_OUT_OPERATOR_SEL_31",
                  "counterValue": 10781494
                },
                {
                  "counterName": "RECORDS_OUT_OPERATOR_TS_10",
                  "counterValue": 10781494
                }
              ]
            },
            {
              "counterGroupName": "org.apache.hadoop.hive.ql.exec.tez.HiveInputCounters",
              "counters": [
                {
                  "counterName": "GROUPED_INPUT_SPLITS_Map_6",
                  "counterValue": 6
                },
                {
                  "counterName": "INPUT_DIRECTORIES_Map_6",
                  "counterValue": 1
                },
                {
                  "counterName": "INPUT_FILES_Map_6",
                  "counterValue": 8
                },
                {
                  "counterName": "RAW_INPUT_SPLITS_Map_6",
                  "counterValue": 14
                }
              ]
            }
          ]
        },
        "numCompletedTasks": 6,
        "numSucceededTasks": 6,
        "numFailedTasks": 0,
        "initRequestedTime": 1659672846453,
        "startRequestedTime": 1659672846640,
        "timeTaken": 37331,
        "diagnostics": "",
        "stats": {
          "firstTaskStartTime": 1659672854740,
          "firstTasksToStart": [
            "task_1659670540238_0001_7_00_000001"
          ],
          "lastTaskFinishTime": 1659672884098,
          "lastTasksToFinish": [
            "task_1659670540238_0001_7_00_000002"
          ],
          "minTaskDuration": 4075,
          "maxTaskDuration": 26911,
          "avgTaskDuration": 13406.666666666666,
          "shortestDurationTasks": [
            "task_1659670540238_0001_7_00_000004"
          ],
          "longestDurationTasks": [
            "task_1659670540238_0001_7_00_000002"
          ]
        },
        "startTime": 1659672846769,
        "endTime": 1659672884100,
        "numKilledTasks": 0,
        "initTime": 1659672846740,
        "status": "SUCCEEDED"
      }
    },
    {
      "entitytype": "TEZ_VERTEX_ID",
      "entity": "vertex_1659670540238_0001_7_03",
      "starttime": 1659672846740,
      "events": [
        {
          "timestamp": 1659672908057,
          "eventtype": "VERTEX_FINISHED",
          "eventinfo": {}
        },
        {
          "timestamp": 1659672846816,
          "eventtype": "VERTEX_STARTED",
          "eventinfo": {}
        },
        {
          "timestamp": 1659672846740,
          "eventtype": "VERTEX_CONFIGURE_DONE",
          "eventinfo": {
            "numTasks": 1,
            "updatedEdgeManagers": {
              "Reducer 2": {
                "schedulingType": "SEQUENTIAL",
                "edgeSourceClass": "org.apache.tez.runtime.library.output.OrderedPartitionedKVOutput",
                "dataMovementType": "SCATTER_GATHER",
                "edgeDestinationClass": "org.apache.tez.runtime.library.input.OrderedGroupedKVInput",
                "dataSourceType": "PERSISTED"
              }
            }
          }
        },
        {
          "timestamp": 1659672846740,
          "eventtype": "VERTEX_INITIALIZED",
          "eventinfo": {}
        }
      ],
      "domain": "Tez_ATS_application_1659670540238_0001_7",
      "relatedentities": {},
      "primaryfilters": {
        "TEZ_DAG_ID": [
          "dag_1659670540238_0001_7"
        ],
        "applicationId": [
          "application_1659670540238_0001"
        ],
        "status": [
          "SUCCEEDED"
        ]
      },
      "otherinfo": {
        "numTasks": 1,
        "numFailedTaskAttempts": 0,
        "processorClassName": "org.apache.hadoop.hive.ql.exec.tez.ReduceTezProcessor",
        "numKilledTaskAttempts": 0,
        "servicePlugin": {
          "taskSchedulerName": "TezYarn",
          "taskSchedulerClassName": "org.apache.tez.dag.app.rm.YarnTaskSchedulerService",
          "taskCommunicatorName": "TezYarn",
          "taskCommunicatorClassName": "org.apache.tez.dag.app.TezTaskCommunicatorImpl",
          "containerLauncherName": "TezYarn",
          "containerLauncherClassName": "org.apache.tez.dag.app.launcher.TezContainerLauncherImpl"
        },
        "vertexName": "Reducer 3",
        "counters": {
          "counterGroups": [
            {
              "counterGroupName": "org.apache.tez.common.counters.FileSystemCounter",
              "counterGroupDisplayName": "File System Counters",
              "counters": [
                {
                  "counterName": "FILE_BYTES_READ",
                  "counterValue": 6810
                },
                {
                  "counterName": "FILE_BYTES_WRITTEN",
                  "counterValue": 2325
                }
              ]
            },
            {
              "counterGroupName": "org.apache.tez.common.counters.TaskCounter",
              "counters": [
                {
                  "counterName": "REDUCE_INPUT_GROUPS",
                  "counterValue": 279
                },
                {
                  "counterName": "REDUCE_INPUT_RECORDS",
                  "counterValue": 300
                },
                {
                  "counterName": "SPILLED_RECORDS",
                  "counterValue": 165
                },
                {
                  "counterName": "NUM_SHUFFLED_INPUTS",
                  "counterValue": 20
                },
                {
                  "counterName": "MERGED_MAP_OUTPUTS",
                  "counterValue": 20
                },
                {
                  "counterName": "CPU_MILLISECONDS",
                  "counterValue": 200
                },
                {
                  "counterName": "PHYSICAL_MEMORY_BYTES",
                  "counterValue": 848297984
                },
                {
                  "counterName": "VIRTUAL_MEMORY_BYTES",
                  "counterValue": 4398608384
                },
                {
                  "counterName": "COMMITTED_HEAP_BYTES",
                  "counterValue": 848297984
                },
                {
                  "counterName": "OUTPUT_RECORDS",
                  "counterValue": 15
                },
                {
                  "counterName": "OUTPUT_BYTES",
                  "counterValue": 285
                },
                {
                  "counterName": "OUTPUT_BYTES_WITH_OVERHEAD",
                  "counterValue": 393
                },
                {
                  "counterName": "OUTPUT_BYTES_PHYSICAL",
                  "counterValue": 445
                },
                {
                  "counterName": "ADDITIONAL_SPILLS_BYTES_READ",
                  "counterValue": 2730
                },
                {
                  "counterName": "SHUFFLE_CHUNK_COUNT",
                  "counterValue": 1
                },
                {
                  "counterName": "SHUFFLE_BYTES",
                  "counterValue": 5454
                },
                {
                  "counterName": "SHUFFLE_BYTES_DECOMPRESSED",
                  "counterValue": 5374
                },
                {
                  "counterName": "SHUFFLE_BYTES_TO_MEM",
                  "counterValue": 2724
                },
                {
                  "counterName": "SHUFFLE_BYTES_DISK_DIRECT",
                  "counterValue": 2730
                },
                {
                  "counterName": "SHUFFLE_PHASE_TIME",
                  "counterValue": 410
                },
                {
                  "counterName": "MERGE_PHASE_TIME",
                  "counterValue": 416
                },
                {
                  "counterName": "FIRST_EVENT_RECEIVED",
                  "counterValue": 4
                },
                {
                  "counterName": "LAST_EVENT_RECEIVED",
                  "counterValue": 403
                }
              ]
            },
            {
              "counterGroupName": "HIVE",
              "counters": [
                {
                  "counterName": "RECORDS_OUT_INTERMEDIATE_Reducer_3",
                  "counterValue": 15
                },
                {
                  "counterName": "RECORDS_OUT_OPERATOR_LIM_29",
                  "counterValue": 15
                },
                {
                  "counterName": "RECORDS_OUT_OPERATOR_RS_30",
                  "counterValue": 15
                },
                {
                  "counterName": "RECORDS_OUT_OPERATOR_SEL_28",
                  "counterValue": 300
                }
              ]
            }
          ]
        },
        "numCompletedTasks": 1,
        "numSucceededTasks": 1,
        "numFailedTasks": 0,
        "initRequestedTime": 1659672846697,
        "startRequestedTime": 1659672846810,
        "timeTaken": 61241,
        "diagnostics": "",
        "stats": {
          "firstTaskStartTime": 1659672907574,
          "firstTasksToStart": [
            "task_1659670540238_0001_7_03_000000"
          ],
          "lastTaskFinishTime": 1659672908056,
          "lastTasksToFinish": [
            "task_1659670540238_0001_7_03_000000"
          ],
          "minTaskDuration": 482,
          "maxTaskDuration": 482,
          "avgTaskDuration": 482,
          "shortestDurationTasks": [
            "task_1659670540238_0001_7_03_000000"
          ],
          "longestDurationTasks": [
            "task_1659670540238_0001_7_03_000000"
          ]
        },
        "startTime": 1659672846816,
        "endTime": 1659672908057,
        "numKilledTasks": 0,
        "initTime": 1659672846740,
        "status": "SUCCEEDED"
      }
    },
    {
      "entitytype": "TEZ_VERTEX_ID",
      "entity": "vertex_1659670540238_0001_7_02",
      "starttime": 1659672846689,
      "events": [
        {
          "timestamp": 1659672907960,
          "eventtype": "VERTEX_FINISHED",
          "eventinfo": {}
        },
        {
          "timestamp": 1659672846809,
          "eventtype": "VERTEX_STARTED",
          "eventinfo": {}
        },
        {
          "timestamp": 1659672846689,
          "eventtype": "VERTEX_CONFIGURE_DONE",
          "eventinfo": {
            "numTasks": 20,
            "updatedEdgeManagers": {
              "Map 1": {
                "schedulingType": "SEQUENTIAL",
                "edgeSourceClass": "org.apache.tez.runtime.library.output.OrderedPartitionedKVOutput",
                "dataMovementType": "SCATTER_GATHER",
                "edgeDestinationClass": "org.apache.tez.runtime.library.input.OrderedGroupedKVInput",
                "dataSourceType": "PERSISTED"
              }
            }
          }
        },
        {
          "timestamp": 1659672846689,
          "eventtype": "VERTEX_INITIALIZED",
          "eventinfo": {}
        }
      ],
      "domain": "Tez_ATS_application_1659670540238_0001_7",
      "relatedentities": {},
      "primaryfilters": {
        "TEZ_DAG_ID": [
          "dag_1659670540238_0001_7"
        ],
        "applicationId": [
          "application_1659670540238_0001"
        ],
        "status": [
          "SUCCEEDED"
        ]
      },
      "otherinfo": {
        "numTasks": 20,
        "numFailedTaskAttempts": 0,
        "processorClassName": "org.apache.hadoop.hive.ql.exec.tez.ReduceTezProcessor",
        "numKilledTaskAttempts": 0,
        "servicePlugin": {
          "taskSchedulerName": "TezYarn",
          "taskSchedulerClassName": "org.apache.tez.dag.app.rm.YarnTaskSchedulerService",
          "taskCommunicatorName": "TezYarn",
          "taskCommunicatorClassName": "org.apache.tez.dag.app.TezTaskCommunicatorImpl",
          "containerLauncherName": "TezYarn",
          "containerLauncherClassName": "org.apache.tez.dag.app.launcher.TezContainerLauncherImpl"
        },
        "vertexName": "Reducer 2",
        "counters": {
          "counterGroups": [
            {
              "counterGroupName": "org.apache.tez.common.counters.FileSystemCounter",
              "counterGroupDisplayName": "File System Counters",
              "counters": [
                {
                  "counterName": "FILE_BYTES_READ",
                  "counterValue": 39839854
                },
                {
                  "counterName": "FILE_BYTES_WRITTEN",
                  "counterValue": 19852815
                }
              ]
            },
            {
              "counterGroupName": "org.apache.tez.common.counters.TaskCounter",
              "counters": [
                {
                  "counterName": "REDUCE_INPUT_GROUPS",
                  "counterValue": 1890182
                },
                {
                  "counterName": "REDUCE_INPUT_RECORDS",
                  "counterValue": 1890187
                },
                {
                  "counterName": "SPILLED_RECORDS",
                  "counterValue": 1890487
                },
                {
                  "counterName": "NUM_SHUFFLED_INPUTS",
                  "counterValue": 120
                },
                {
                  "counterName": "MERGED_MAP_OUTPUTS",
                  "counterValue": 120
                },
                {
                  "counterName": "GC_TIME_MILLIS",
                  "counterValue": 6905
                },
                {
                  "counterName": "CPU_MILLISECONDS",
                  "counterValue": 20710
                },
                {
                  "counterName": "PHYSICAL_MEMORY_BYTES",
                  "counterValue": 25314721792
                },
                {
                  "counterName": "VIRTUAL_MEMORY_BYTES",
                  "counterValue": 87872294912
                },
                {
                  "counterName": "COMMITTED_HEAP_BYTES",
                  "counterValue": 25314721792
                },
                {
                  "counterName": "OUTPUT_RECORDS",
                  "counterValue": 300
                },
                {
                  "counterName": "OUTPUT_BYTES",
                  "counterValue": 4654
                },
                {
                  "counterName": "OUTPUT_BYTES_WITH_OVERHEAD",
                  "counterValue": 5374
                },
                {
                  "counterName": "OUTPUT_BYTES_PHYSICAL",
                  "counterValue": 5454
                },
                {
                  "counterName": "ADDITIONAL_SPILLS_BYTES_WRITTEN",
                  "counterValue": 19846721
                },
                {
                  "counterName": "ADDITIONAL_SPILLS_BYTES_READ",
                  "counterValue": 39694662
                },
                {
                  "counterName": "SHUFFLE_CHUNK_COUNT",
                  "counterValue": 20
                },
                {
                  "counterName": "SHUFFLE_BYTES",
                  "counterValue": 39695063
                },
                {
                  "counterName": "SHUFFLE_BYTES_DECOMPRESSED",
                  "counterValue": 39694583
                },
                {
                  "counterName": "SHUFFLE_BYTES_TO_MEM",
                  "counterValue": 19847122
                },
                {
                  "counterName": "SHUFFLE_BYTES_DISK_DIRECT",
                  "counterValue": 19847941
                },
                {
                  "counterName": "SHUFFLE_PHASE_TIME",
                  "counterValue": 18313
                },
                {
                  "counterName": "MERGE_PHASE_TIME",
                  "counterValue": 21015
                },
                {
                  "counterName": "FIRST_EVENT_RECEIVED",
                  "counterValue": 787
                },
                {
                  "counterName": "LAST_EVENT_RECEIVED",
                  "counterValue": 852
                }
              ]
            },
            {
              "counterGroupName": "HIVE",
              "counters": [
                {
                  "counterName": "RECORDS_OUT_INTERMEDIATE_Reducer_2",
                  "counterValue": 1275
                },
                {
                  "counterName": "RECORDS_OUT_OPERATOR_GBY_26",
                  "counterValue": 1890182
                },
                {
                  "counterName": "RECORDS_OUT_OPERATOR_RS_27",
                  "counterValue": 1275
                }
              ]
            }
          ]
        },
        "numCompletedTasks": 20,
        "numSucceededTasks": 20,
        "numFailedTasks": 0,
        "initRequestedTime": 1659672846649,
        "startRequestedTime": 1659672846805,
        "timeTaken": 61151,
        "diagnostics": "",
        "stats": {
          "firstTaskStartTime": 1659672890716,
          "firstTasksToStart": [
            "task_1659670540238_0001_7_02_000002"
          ],
          "lastTaskFinishTime": 1659672907959,
          "lastTasksToFinish": [
            "task_1659670540238_0001_7_02_000019"
          ],
          "minTaskDuration": 397,
          "maxTaskDuration": 9346,
          "avgTaskDuration": 2504.25,
          "shortestDurationTasks": [
            "task_1659670540238_0001_7_02_000015"
          ],
          "longestDurationTasks": [
            "task_1659670540238_0001_7_02_000010"
          ]
        },
        "startTime": 1659672846809,
        "endTime": 1659672907960,
        "numKilledTasks": 0,
        "initTime": 1659672846689,
        "status": "SUCCEEDED"
      }
    }
  ]
}