{
  "dag-extra-info": {
    "entitytype": "TEZ_DAG_EXTRA_INFO",
    "entity": "dag_1659670540238_0002_2",
    "starttime": 1659674123085,
    "events": [
      {
        "timestamp": 1659674903710,
        "eventtype": "DAG_FINISHED",
        "eventinfo": {}
      },
      {
        "timestamp": 1659674123085,
        "eventtype": "DAG_SUBMITTED",
        "eventinfo": {}
      }
    ],
    "domain": "Tez_ATS_application_1659670540238_0002_2",
    "relatedentities": {},
    "primaryfilters": {},
    "otherinfo": {
      "counters": {
        "counterGroups": [
          {
            "counterGroupName": "org.apache.tez.common.counters.DAGCounter",
            "counters": [
              {
                "counterName": "NUM_FAILED_TASKS",
                "counterValue": 19
              },
              {
                "counterName": "NUM_KILLED_TASKS",
                "counterValue": 19
              },
              {
                "counterName": "NUM_SUCCEEDED_TASKS",
                "counterValue": 110
              },
              {
                "counterName": "TOTAL_LAUNCHED_TASKS",
                "counterValue": 114
              },
              {
                "counterName": "AM_CPU_MILLISECONDS",
                "counterValue": 25350
              },
              {
                "counterName": "AM_GC_TIME_MILLIS",
                "counterValue": 86
              }
            ]
          },
          {
            "counterGroupName": "org.apache.tez.common.counters.FileSystemCounter",
            "counterGroupDisplayName": "File System Counters",
            "counters": [
              {
                "counterName": "FILE_BYTES_READ",
                "counterValue": 356452782
              },
              {
                "counterName": "FILE_BYTES_WRITTEN",
                "counterValue": 504133948
              },
              {
                "counterName": "HDFS_BYTES_READ",
                "counterValue": 1988876098
              },
              {
                "counterName": "HDFS_READ_OPS",
                "counterValue": 20
              }
            ]
          },
          {
            "counterGroupName": "org.apache.tez.common.counters.TaskCounter",
            "counters": [
              {
                "counterName": "REDUCE_INPUT_GROUPS",
                "counterValue": 5563715
              },
              {
                "counterName": "REDUCE_INPUT_RECORDS",
                "counterValue": 15595837
              },
              {
                "counterName": "SPILLED_RECORDS",
                "counterValue": 32124743
              },
              {
                "counterName": "NUM_SHUFFLED_INPUTS",
                "counterValue": 2496
              },
              {
                "counterName": "MERGED_MAP_OUTPUTS",
                "counterValue": 12501303
              },
              {
                "counterName": "GC_TIME_MILLIS",
                "counterValue": 14732
              },
              {
                "counterName": "CPU_MILLISECONDS",
                "counterValue": 227570
              },
              {
                "counterName": "PHYSICAL_MEMORY_BYTES",
                "counterValue": 135173505024
              },
              {
                "counterName": "VIRTUAL_MEMORY_BYTES",
                "counterValue": 483239280640
              },
              {
                "counterName": "COMMITTED_HEAP_BYTES",
                "counterValue": 135173505024
              },
              {
                "counterName": "INPUT_RECORDS_PROCESSED",
                "counterValue": 14109227
              },
              {
                "counterName": "INPUT_SPLIT_LENGTH_BYTES",
                "counterValue": 1988843330
              },
              {
                "counterName": "OUTPUT_RECORDS",
                "counterValue": 15744495
              },
              {
                "counterName": "OUTPUT_BYTES",
                "counterValue": 391439770
              },
              {
                "counterName": "OUTPUT_BYTES_WITH_OVERHEAD",
                "counterValue": 328637175
              },
              {
                "counterName": "OUTPUT_BYTES_PHYSICAL",
                "counterValue": 328647863
              },
              {
                "counterName": "ADDITIONAL_SPILLS_BYTES_WRITTEN",
                "counterValue": 136467910
              },
              {
                "counterName": "ADDITIONAL_SPILLS_BYTES_READ",
                "counterValue": 339790995
              },
              {
                "counterName": "SHUFFLE_CHUNK_COUNT",
                "counterValue": 110
              },
              {
                "counterName": "SHUFFLE_BYTES",
                "counterValue": 323116272
              },
              {
                "counterName": "SHUFFLE_BYTES_DECOMPRESSED",
                "counterValue": 323106288
              },
              {
                "counterName": "SHUFFLE_BYTES_TO_MEM",
                "counterValue": 146247223
              },
              {
                "counterName": "SHUFFLE_BYTES_DISK_DIRECT",
                "counterValue": 176869049
              },
              {
                "counterName": "NUM_DISK_TO_DISK_MERGES",
                "counterValue": 36
              },
              {
                "counterName": "SHUFFLE_PHASE_TIME",
                "counterValue": 433735
              },
              {
                "counterName": "MERGE_PHASE_TIME",
                "counterValue": 448175
              },
              {
                "counterName": "FIRST_EVENT_RECEIVED",
                "counterValue": 2858
              },
              {
                "counterName": "LAST_EVENT_RECEIVED",
                "counterValue": 4983
              }
            ]
          },
          {
            "counterGroupName": "HIVE",
            "counters": [
              {
                "counterName": "RECORDS_IN_Map_1",
                "counterValue": 3327733
              },
              {
                "counterName": "RECORDS_IN_Map_5",
                "counterValue": 10779154
              },
              {
                "counterName": "RECORDS_OUT_INTERMEDIATE_Map_1",
                "counterValue": 5299591
              },
              {
                "counterName": "RECORDS_OUT_INTERMEDIATE_Map_5",
                "counterValue": 21759996
              },
              {
                "counterName": "RECORDS_OUT_INTERMEDIATE_Reducer_2",
                "counterValue": 1635080
              },
              {
                "counterName": "RECORDS_OUT_INTERMEDIATE_Reducer_3",
                "counterValue": 1170
              },
              {
                "counterName": "RECORDS_OUT_OPERATOR_FIL_23",
                "counterValue": 3327729
              },
              {
                "counterName": "RECORDS_OUT_OPERATOR_FIL_26",
                "counterValue": 10781486
              },
              {
                "counterName": "RECORDS_OUT_OPERATOR_GBY_10",
                "counterValue": 1635080
              },
              {
                "counterName": "RECORDS_OUT_OPERATOR_GBY_29",
                "counterValue": 1486622
              },
              {
                "counterName": "RECORDS_OUT_OPERATOR_MERGEJOIN_22",
                "counterValue": 17916518
              },
              {
                "counterName": "RECORDS_OUT_OPERATOR_RS_11",
                "counterValue": 1635080
              },
              {
                "counterName": "RECORDS_OUT_OPERATOR_RS_25",
                "counterValue": 5299591
              },
              {
                "counterName": "RECORDS_OUT_OPERATOR_RS_28",
                "counterValue": 21759996
              },
              {
                "counterName": "RECORDS_OUT_OPERATOR_RS_30",
                "counterValue": 1170
              },
              {
                "counterName": "RECORDS_OUT_OPERATOR_SEL_24",
                "counterValue": 3327729
              },
              {
                "counterName": "RECORDS_OUT_OPERATOR_SEL_27",
                "counterValue": 10781486
              },
              {
                "counterName": "RECORDS_OUT_OPERATOR_TS_0",
                "counterValue": 3327733
              },
              {
                "counterName": "RECORDS_OUT_OPERATOR_TS_3",
                "counterValue": 10781494
              }
            ]
          },
          {
            "counterGroupName": "org.apache.hadoop.hive.ql.exec.tez.HiveInputCounters",
            "counters": [
              {
                "counterName": "GROUPED_INPUT_SPLITS_Map_1",
                "counterValue": 6
              },
              {
                "counterName": "GROUPED_INPUT_SPLITS_Map_5",
                "counterValue": 6
              },
              {
                "counterName": "INPUT_DIRECTORIES_Map_1",
                "counterValue": 1
              },
              {
                "counterName": "INPUT_DIRECTORIES_Map_5",
                "counterValue": 1
              },
              {
                "counterName": "INPUT_FILES_Map_1",
                "counterValue": 4
              },
              {
                "counterName": "INPUT_FILES_Map_5",
                "counterValue": 8
              },
              {
                "counterName": "RAW_INPUT_SPLITS_Map_1",
                "counterValue": 6
              },
              {
                "counterName": "RAW_INPUT_SPLITS_Map_5",
                "counterValue": 14
              }
            ]
          }
        ]
      },
      "dagPlan": {
        "dagName": "SELECT p.id_viagem, t.origem_pais, t.de...10 (Stage-1)",
        "dagInfo": "{\"context\":\"Hive\",\"description\":\"SELECT p.id_viagem, t.origem_pais, t.destino_pais, SUM(p.valor) AS valor\\nFROM viagens.pagamentos AS p JOIN viagens.trechos AS t\\nON (p.id_viagem = t.id_viagem)\\nGROUP BY p.id_viagem, t.origem_pais, t.destino_pais ORDER BY valor DESC LIMIT 10\"}",
        "dagContext": {
          "callerId": "hive_20220805043522_49398e80-b702-4220-85a4-c4152ee5c48f",
          "callerType": "HIVE_QUERY_ID",
          "context": "HIVE",
          "description": "SELECT p.id_viagem, t.origem_pais, t.destino_pais, SUM(p.valor) AS valor\nFROM viagens.pagamentos AS p JOIN viagens.trechos AS t\nON (p.id_viagem = t.id_viagem)\nGROUP BY p.id_viagem, t.origem_pais, t.destino_pais ORDER BY valor DESC LIMIT 10"
        },
        "version": 2,
        "vertices": [
          {
            "vertexName": "Map 5",
            "processorClass": "org.apache.hadoop.hive.ql.exec.tez.MapTezProcessor",
            "outEdgeIds": [
              "761931839"
            ],
            "additionalInputs": [
              {
                "name": "t",
                "class": "org.apache.tez.mapreduce.input.MRInputLegacy",
                "initializer": "org.apache.hadoop.hive.ql.exec.tez.HiveSplitGenerator"
              }
            ]
          },
          {
            "vertexName": "Map 1",
            "processorClass": "org.apache.hadoop.hive.ql.exec.tez.MapTezProcessor",
            "outEdgeIds": [
              "410693016"
            ],
            "additionalInputs": [
              {
                "name": "p",
                "class": "org.apache.tez.mapreduce.input.MRInputLegacy",
                "initializer": "org.apache.hadoop.hive.ql.exec.tez.HiveSplitGenerator"
              }
            ]
          },
          {
            "vertexName": "Reducer 2",
            "processorClass": "org.apache.hadoop.hive.ql.exec.tez.ReduceTezProcessor",
            "inEdgeIds": [
              "761931839",
              "410693016"
            ],
            "outEdgeIds": [
              "1609093926"
            ]
          },
          {
            "vertexName": "Reducer 3",
            "processorClass": "org.apache.hadoop.hive.ql.exec.tez.ReduceTezProcessor",
            "inEdgeIds": [
              "1609093926"
            ],
            "outEdgeIds": [
              "1768674220"
            ]
          },
          {
            "vertexName": "Reducer 4",
            "processorClass": "org.apache.hadoop.hive.ql.exec.tez.ReduceTezProcessor",
            "inEdgeIds": [
              "1768674220"
            ],
            "additionalOutputs": [
              {
                "name": "out_Reducer 4",
                "class": "org.apache.tez.mapreduce.output.MROutput"
              }
            ]
          }
        ],
        "edges": [
          {
            "edgeId": "1768674220",
            "inputVertexName": "Reducer 3",
            "outputVertexName": "Reducer 4",
            "dataMovementType": "SCATTER_GATHER",
            "dataSourceType": "PERSISTED",
            "schedulingType": "SEQUENTIAL",
            "edgeSourceClass": "org.apache.tez.runtime.library.output.OrderedPartitionedKVOutput",
            "edgeDestinationClass": "org.apache.tez.runtime.library.input.OrderedGroupedKVInput"
          },
          {
            "edgeId": "1609093926",
            "inputVertexName": "Reducer 2",
            "outputVertexName": "Reducer 3",
            "dataMovementType": "SCATTER_GATHER",
            "dataSourceType": "PERSISTED",
            "schedulingType": "SEQUENTIAL",
            "edgeSourceClass": "org.apache.tez.runtime.library.output.OrderedPartitionedKVOutput",
            "edgeDestinationClass": "org.apache.tez.runtime.library.input.OrderedGroupedKVInput"
          },
          {
            "edgeId": "761931839",
            "inputVertexName": "Map 5",
            "outputVertexName": "Reducer 2",
            "dataMovementType": "SCATTER_GATHER",
            "dataSourceType": "PERSISTED",
            "schedulingType": "SEQUENTIAL",
            "edgeSourceClass": "org.apache.tez.runtime.library.output.OrderedPartitionedKVOutput",
            "edgeDestinationClass": "org.apache.tez.runtime.library.input.OrderedGroupedKVInput"
          },
          {
            "edgeId": "410693016",
            "inputVertexName": "Map 1",
            "outputVertexName": "Reducer 2",
            "dataMovementType": "SCATTER_GATHER",
            "dataSourceType": "PERSISTED",
            "schedulingType": "SEQUENTIAL",
            "edgeSourceClass": "org.apache.tez.runtime.library.output.OrderedPartitionedKVOutput",
            "edgeDestinationClass": "org.apache.tez.runtime.library.input.OrderedGroupedKVInput"
          }
        ]
      }
    }
  }
}