{
  "dag": {
    "entitytype": "TEZ_DAG_ID",
    "entity": "dag_1659670540238_0002_2",
    "starttime": 1659674123085,
    "events": [
      {
        "timestamp": 1659674903710,
        "eventtype": "DAG_FINISHED",
        "eventinfo": {}
      },
      {
        "timestamp": 1659674123174,
        "eventtype": "DAG_INITIALIZED",
        "eventinfo": {}
      },
      {
        "timestamp": 1659674123174,
        "eventtype": "DAG_STARTED",
        "eventinfo": {}
      },
      {
        "timestamp": 1659674123085,
        "eventtype": "DAG_SUBMITTED",
        "eventinfo": {}
      }
    ],
    "domain": "Tez_ATS_application_1659670540238_0002_2",
    "relatedentities": {
      "TEZ_DAG_EXTRA_INFO": [
        "dag_1659670540238_0002_2"
      ],
      "TEZ_VERTEX_ID": [
        "vertex_1659670540238_0002_2_04",
        "vertex_1659670540238_0002_2_03",
        "vertex_1659670540238_0002_2_02",
        "vertex_1659670540238_0002_2_01",
        "vertex_1659670540238_0002_2_00"
      ]
    },
    "primaryfilters": {
      "dagName": [
        "SELECT p.id_viagem, t.origem_pais, t.de...10 (Stage-1)"
      ],
      "queueName": [
        "default"
      ],
      "callerId": [
        "hive_20220805043522_49398e80-b702-4220-85a4-c4152ee5c48f"
      ],
      "applicationId": [
        "application_1659670540238_0002"
      ],
      "user": [
        "danielguedesfis"
      ],
      "status": [
        "KILLED"
      ]
    },
    "otherinfo": {
      "completionApplicationAttemptId": "appattempt_1659670540238_0002_000001",
      "numFailedTaskAttempts": 19,
      "callerContext": "HIVE",
      "numKilledTaskAttempts": 1,
      "numCompletedTasks": 113,
      "amWebServiceVersion": "2",
      "inProgressLogsURL_1": "http://iv5wxb3ymvccdpjxx27gokbpri-dot-southamerica-east1.dataproc.googleusercontent.com:80/gateway/default/node/containerlogs/container_1659670540238_0002_01_000001/danielguedesfis?scheme=http&nm_port=8026&port=8042&host=cluster-hadoop-w-1.southamerica-east1-c.c.river-runner-355919.internal",
      "numSucceededTasks": 94,
      "vertexNameIdMapping": {
        "Map 1": "vertex_1659670540238_0002_2_01",
        "Map 5": "vertex_1659670540238_0002_2_00",
        "Reducer 2": "vertex_1659670540238_0002_2_02",
        "Reducer 3": "vertex_1659670540238_0002_2_03",
        "Reducer 4": "vertex_1659670540238_0002_2_04"
      },
      "numFailedTasks": 0,
      "timeTaken": 780536,
      "diagnostics": "Vertex re-running, vertexName=Reducer 2, vertexId=vertex_1659670540238_0002_2_02\nDag received [DAG_TERMINATE, DAG_KILL] in RUNNING state.\nSending client kill from danielguedesfis (auth:SIMPLE) at 10.158.0.5 to dag dag_1659670540238_0002_2\nVertex killed, vertexName=Reducer 4, vertexId=vertex_1659670540238_0002_2_04, diagnostics=[Vertex received Kill while in RUNNING state., Vertex did not succeed due to DAG_TERMINATED, failedTasks:0 killedTasks:1, Vertex vertex_1659670540238_0002_2_04 [Reducer 4] killed/failed due to:DAG_TERMINATED]\nVertex killed, vertexName=Reducer 2, vertexId=vertex_1659670540238_0002_2_02, diagnostics=[Vertex received Kill while in RUNNING state., Vertex did not succeed due to DAG_TERMINATED, failedTasks:0 killedTasks:16, Vertex vertex_1659670540238_0002_2_02 [Reducer 2] killed/failed due to:DAG_TERMINATED]\nVertex killed, vertexName=Reducer 3, vertexId=vertex_1659670540238_0002_2_03, diagnostics=[Vertex received Kill while in RUNNING state., Vertex did not succeed due to DAG_TERMINATED, failedTasks:0 killedTasks:2, Vertex vertex_1659670540238_0002_2_03 [Reducer 3] killed/failed due to:DAG_TERMINATED]\nDAG did not succeed due to DAG_KILL. failedVertices:0 killedVertices:3",
      "queueName": "default",
      "applicationAttemptId": "appattempt_1659670540238_0002_000001",
      "callerType": "HIVE_QUERY_ID",
      "startTime": 1659674123174,
      "callerId": "hive_20220805043522_49398e80-b702-4220-85a4-c4152ee5c48f",
      "endTime": 1659674903710,
      "applicationId": "application_1659670540238_0002",
      "numKilledTasks": 19,
      "initTime": 1659674123174,
      "user": "danielguedesfis",
      "status": "KILLED"
    }
  }
}