{
  "vertices": [
    {
      "entitytype": "TEZ_VERTEX_ID",
      "entity": "vertex_1659670540238_0002_2_00",
      "starttime": 1659674123445,
      "events": [
        {
          "timestamp": 1659674156019,
          "eventtype": "VERTEX_FINISHED",
          "eventinfo": {}
        },
        {
          "timestamp": 1659674123446,
          "eventtype": "VERTEX_CONFIGURE_DONE",
          "eventinfo": {
            "numTasks": 6
          }
        },
        {
          "timestamp": 1659674123446,
          "eventtype": "VERTEX_STARTED",
          "eventinfo": {}
        },
        {
          "timestamp": 1659674123445,
          "eventtype": "VERTEX_INITIALIZED",
          "eventinfo": {}
        }
      ],
      "domain": "Tez_ATS_application_1659670540238_0002_2",
      "relatedentities": {},
      "primaryfilters": {
        "TEZ_DAG_ID": [
          "dag_1659670540238_0002_2"
        ],
        "applicationId": [
          "application_1659670540238_0002"
        ],
        "status": [
          "SUCCEEDED"
        ]
      },
      "otherinfo": {
        "numTasks": 6,
        "numFailedTaskAttempts": 0,
        "processorClassName": "org.apache.hadoop.hive.ql.exec.tez.MapTezProcessor",
        "numKilledTaskAttempts": 0,
        "servicePlugin": {
          "taskSchedulerName": "TezYarn",
          "taskSchedulerClassName": "org.apache.tez.dag.app.rm.YarnTaskSchedulerService",
          "taskCommunicatorName": "TezYarn",
          "taskCommunicatorClassName": "org.apache.tez.dag.app.TezTaskCommunicatorImpl",
          "containerLauncherName": "TezYarn",
          "containerLauncherClassName": "org.apache.tez.dag.app.launcher.TezContainerLauncherImpl"
        },
        "vertexName": "Map 5",
        "counters": {
          "counterGroups": [
            {
              "counterGroupName": "org.apache.tez.common.counters.FileSystemCounter",
              "counterGroupDisplayName": "File System Counters",
              "counters": [
                {
                  "counterName": "FILE_BYTES_READ",
                  "counterValue": 22560
                },
                {
                  "counterName": "FILE_BYTES_WRITTEN",
                  "counterValue": 212412847
                },
                {
                  "counterName": "HDFS_BYTES_READ",
                  "counterValue": 1487849118
                },
                {
                  "counterName": "HDFS_READ_OPS",
                  "counterValue": 14
                }
              ]
            },
            {
              "counterGroupName": "org.apache.tez.common.counters.TaskCounter",
              "counters": [
                {
                  "counterName": "SPILLED_RECORDS",
                  "counterValue": 10781486
                },
                {
                  "counterName": "GC_TIME_MILLIS",
                  "counterValue": 1606
                },
                {
                  "counterName": "CPU_MILLISECONDS",
                  "counterValue": 70820
                },
                {
                  "counterName": "PHYSICAL_MEMORY_BYTES",
                  "counterValue": 4896325632
                },
                {
                  "counterName": "VIRTUAL_MEMORY_BYTES",
                  "counterValue": 26290237440
                },
                {
                  "counterName": "COMMITTED_HEAP_BYTES",
                  "counterValue": 4896325632
                },
                {
                  "counterName": "INPUT_RECORDS_PROCESSED",
                  "counterValue": 10781494
                },
                {
                  "counterName": "INPUT_SPLIT_LENGTH_BYTES",
                  "counterValue": 1487824542
                },
                {
                  "counterName": "OUTPUT_RECORDS",
                  "counterValue": 10781486
                },
                {
                  "counterName": "OUTPUT_BYTES",
                  "counterValue": 270647890
                },
                {
                  "counterName": "OUTPUT_BYTES_WITH_OVERHEAD",
                  "counterValue": 212399695
                },
                {
                  "counterName": "OUTPUT_BYTES_PHYSICAL",
                  "counterValue": 212401567
                },
                {
                  "counterName": "SHUFFLE_CHUNK_COUNT",
                  "counterValue": 6
                }
              ]
            },
            {
              "counterGroupName": "HIVE",
              "counters": [
                {
                  "counterName": "RECORDS_IN_Map_5",
                  "counterValue": 10779154
                },
                {
                  "counterName": "RECORDS_OUT_INTERMEDIATE_Map_5",
                  "counterValue": 21759996
                },
                {
                  "counterName": "RECORDS_OUT_OPERATOR_FIL_26",
                  "counterValue": 10781486
                },
                {
                  "counterName": "RECORDS_OUT_OPERATOR_RS_28",
                  "counterValue": 21759996
                },
                {
                  "counterName": "RECORDS_OUT_OPERATOR_SEL_27",
                  "counterValue": 10781486
                },
                {
                  "counterName": "RECORDS_OUT_OPERATOR_TS_3",
                  "counterValue": 10781494
                }
              ]
            },
            {
              "counterGroupName": "org.apache.hadoop.hive.ql.exec.tez.HiveInputCounters",
              "counters": [
                {
                  "counterName": "GROUPED_INPUT_SPLITS_Map_5",
                  "counterValue": 6
                },
                {
                  "counterName": "INPUT_DIRECTORIES_Map_5",
                  "counterValue": 1
                },
                {
                  "counterName": "INPUT_FILES_Map_5",
                  "counterValue": 8
                },
                {
                  "counterName": "RAW_INPUT_SPLITS_Map_5",
                  "counterValue": 14
                }
              ]
            }
          ]
        },
        "numCompletedTasks": 6,
        "numSucceededTasks": 6,
        "numFailedTasks": 0,
        "initRequestedTime": 1659674123174,
        "startRequestedTime": 1659674123335,
        "timeTaken": 32573,
        "diagnostics": "",
        "stats": {
          "firstTaskStartTime": 1659674128727,
          "firstTasksToStart": [
            "task_1659670540238_0002_2_00_000001"
          ],
          "lastTaskFinishTime": 1659674156016,
          "lastTasksToFinish": [
            "task_1659670540238_0002_2_00_000002"
          ],
          "minTaskDuration": 4172,
          "maxTaskDuration": 24901,
          "avgTaskDuration": 11927,
          "shortestDurationTasks": [
            "task_1659670540238_0002_2_00_000005"
          ],
          "longestDurationTasks": [
            "task_1659670540238_0002_2_00_000002"
          ]
        },
        "startTime": 1659674123446,
        "endTime": 1659674156019,
        "numKilledTasks": 0,
        "initTime": 1659674123445,
        "status": "SUCCEEDED"
      }
    },
    {
      "entitytype": "TEZ_VERTEX_ID",
      "entity": "vertex_1659670540238_0002_2_01",
      "starttime": 1659674123439,
      "events": [
        {
          "timestamp": 1659674165543,
          "eventtype": "VERTEX_FINISHED",
          "eventinfo": {}
        },
        {
          "timestamp": 1659674123440,
          "eventtype": "VERTEX_CONFIGURE_DONE",
          "eventinfo": {
            "numTasks": 6
          }
        },
        {
          "timestamp": 1659674123439,
          "eventtype": "VERTEX_INITIALIZED",
          "eventinfo": {}
        },
        {
          "timestamp": 1659674123439,
          "eventtype": "VERTEX_STARTED",
          "eventinfo": {}
        }
      ],
      "domain": "Tez_ATS_application_1659670540238_0002_2",
      "relatedentities": {},
      "primaryfilters": {
        "TEZ_DAG_ID": [
          "dag_1659670540238_0002_2"
        ],
        "applicationId": [
          "application_1659670540238_0002"
        ],
        "status": [
          "SUCCEEDED"
        ]
      },
      "otherinfo": {
        "numTasks": 6,
        "numFailedTaskAttempts": 1,
        "processorClassName": "org.apache.hadoop.hive.ql.exec.tez.MapTezProcessor",
        "numKilledTaskAttempts": 0,
        "servicePlugin": {
          "taskSchedulerName": "TezYarn",
          "taskSchedulerClassName": "org.apache.tez.dag.app.rm.YarnTaskSchedulerService",
          "taskCommunicatorName": "TezYarn",
          "taskCommunicatorClassName": "org.apache.tez.dag.app.TezTaskCommunicatorImpl",
          "containerLauncherName": "TezYarn",
          "containerLauncherClassName": "org.apache.tez.dag.app.launcher.TezContainerLauncherImpl"
        },
        "vertexName": "Map 1",
        "counters": {
          "counterGroups": [
            {
              "counterGroupName": "org.apache.tez.common.counters.FileSystemCounter",
              "counterGroupDisplayName": "File System Counters",
              "counters": [
                {
                  "counterName": "FILE_BYTES_READ",
                  "counterValue": 22560
                },
                {
                  "counterName": "FILE_BYTES_WRITTEN",
                  "counterValue": 55404627
                },
                {
                  "counterName": "HDFS_BYTES_READ",
                  "counterValue": 501026980
                },
                {
                  "counterName": "HDFS_READ_OPS",
                  "counterValue": 6
                }
              ]
            },
            {
              "counterGroupName": "org.apache.tez.common.counters.TaskCounter",
              "counters": [
                {
                  "counterName": "SPILLED_RECORDS",
                  "counterValue": 3327729
                },
                {
                  "counterName": "CPU_MILLISECONDS",
                  "counterValue": 17100
                },
                {
                  "counterName": "PHYSICAL_MEMORY_BYTES",
                  "counterValue": 7318536192
                },
                {
                  "counterName": "VIRTUAL_MEMORY_BYTES",
                  "counterValue": 26309173248
                },
                {
                  "counterName": "COMMITTED_HEAP_BYTES",
                  "counterValue": 7318536192
                },
                {
                  "counterName": "INPUT_RECORDS_PROCESSED",
                  "counterValue": 3327733
                },
                {
                  "counterName": "INPUT_SPLIT_LENGTH_BYTES",
                  "counterValue": 501018788
                },
                {
                  "counterName": "OUTPUT_RECORDS",
                  "counterValue": 3327729
                },
                {
                  "counterName": "OUTPUT_BYTES",
                  "counterValue": 63226851
                },
                {
                  "counterName": "OUTPUT_BYTES_WITH_OVERHEAD",
                  "counterValue": 55391475
                },
                {
                  "counterName": "OUTPUT_BYTES_PHYSICAL",
                  "counterValue": 55393347
                },
                {
                  "counterName": "SHUFFLE_CHUNK_COUNT",
                  "counterValue": 6
                }
              ]
            },
            {
              "counterGroupName": "HIVE",
              "counters": [
                {
                  "counterName": "RECORDS_IN_Map_1",
                  "counterValue": 3327733
                },
                {
                  "counterName": "RECORDS_OUT_INTERMEDIATE_Map_1",
                  "counterValue": 5299591
                },
                {
                  "counterName": "RECORDS_OUT_OPERATOR_FIL_23",
                  "counterValue": 3327729
                },
                {
                  "counterName": "RECORDS_OUT_OPERATOR_RS_25",
                  "counterValue": 5299591
                },
                {
                  "counterName": "RECORDS_OUT_OPERATOR_SEL_24",
                  "counterValue": 3327729
                },
                {
                  "counterName": "RECORDS_OUT_OPERATOR_TS_0",
                  "counterValue": 3327733
                }
              ]
            },
            {
              "counterGroupName": "org.apache.hadoop.hive.ql.exec.tez.HiveInputCounters",
              "counters": [
                {
                  "counterName": "GROUPED_INPUT_SPLITS_Map_1",
                  "counterValue": 6
                },
                {
                  "counterName": "INPUT_DIRECTORIES_Map_1",
                  "counterValue": 1
                },
                {
                  "counterName": "INPUT_FILES_Map_1",
                  "counterValue": 4
                },
                {
                  "counterName": "RAW_INPUT_SPLITS_Map_1",
                  "counterValue": 6
                }
              ]
            }
          ]
        },
        "numCompletedTasks": 6,
        "numSucceededTasks": 6,
        "numFailedTasks": 0,
        "initRequestedTime": 1659674123294,
        "startRequestedTime": 1659674123335,
        "timeTaken": 42104,
        "diagnostics": "",
        "stats": {
          "firstTaskStartTime": 1659674153494,
          "firstTasksToStart": [
            "task_1659670540238_0002_2_01_000002"
          ],
          "lastTaskFinishTime": 1659674165542,
          "lastTasksToFinish": [
            "task_1659670540238_0002_2_01_000000"
          ],
          "minTaskDuration": 1995,
          "maxTaskDuration": 8337,
          "avgTaskDuration": 4606.166666666667,
          "shortestDurationTasks": [
            "task_1659670540238_0002_2_01_000005"
          ],
          "longestDurationTasks": [
            "task_1659670540238_0002_2_01_000002"
          ]
        },
        "startTime": 1659674123439,
        "endTime": 1659674165543,
        "numKilledTasks": 0,
        "initTime": 1659674123439,
        "status": "SUCCEEDED"
      }
    },
    {
      "entitytype": "TEZ_VERTEX_ID",
      "entity": "vertex_1659670540238_0002_2_04",
      "starttime": 1659674123439,
      "events": [
        {
          "timestamp": 1659674903621,
          "eventtype": "VERTEX_FINISHED",
          "eventinfo": {}
        },
        {
          "timestamp": 1659674123467,
          "eventtype": "VERTEX_STARTED",
          "eventinfo": {}
        },
        {
          "timestamp": 1659674123439,
          "eventtype": "VERTEX_CONFIGURE_DONE",
          "eventinfo": {
            "numTasks": 1,
            "updatedEdgeManagers": {
              "Reducer 3": {
                "schedulingType": "SEQUENTIAL",
                "edgeSourceClass": "org.apache.tez.runtime.library.output.OrderedPartitionedKVOutput",
                "dataMovementType": "SCATTER_GATHER",
                "edgeDestinationClass": "org.apache.tez.runtime.library.input.OrderedGroupedKVInput",
                "dataSourceType": "PERSISTED"
              }
            }
          }
        },
        {
          "timestamp": 1659674123439,
          "eventtype": "VERTEX_INITIALIZED",
          "eventinfo": {}
        }
      ],
      "domain": "Tez_ATS_application_1659670540238_0002_2",
      "relatedentities": {},
      "primaryfilters": {
        "TEZ_DAG_ID": [
          "dag_1659670540238_0002_2"
        ],
        "applicationId": [
          "application_1659670540238_0002"
        ],
        "status": [
          "KILLED"
        ]
      },
      "otherinfo": {
        "numTasks": 1,
        "numFailedTaskAttempts": 0,
        "processorClassName": "org.apache.hadoop.hive.ql.exec.tez.ReduceTezProcessor",
        "numKilledTaskAttempts": 0,
        "servicePlugin": {
          "taskSchedulerName": "TezYarn",
          "taskSchedulerClassName": "org.apache.tez.dag.app.rm.YarnTaskSchedulerService",
          "taskCommunicatorName": "TezYarn",
          "taskCommunicatorClassName": "org.apache.tez.dag.app.TezTaskCommunicatorImpl",
          "containerLauncherName": "TezYarn",
          "containerLauncherClassName": "org.apache.tez.dag.app.launcher.TezContainerLauncherImpl"
        },
        "vertexName": "Reducer 4",
        "counters": {},
        "numCompletedTasks": 1,
        "numSucceededTasks": 0,
        "numFailedTasks": 0,
        "initRequestedTime": 1659674123425,
        "startRequestedTime": 1659674123467,
        "timeTaken": 780154,
        "diagnostics": "Vertex received Kill while in RUNNING state.\nVertex did not succeed due to DAG_TERMINATED, failedTasks:0 killedTasks:1\nVertex vertex_1659670540238_0002_2_04 [Reducer 4] killed/failed due to:DAG_TERMINATED",
        "stats": {
          "firstTaskStartTime": 0,
          "firstTasksToStart": [
            "task_1659670540238_0002_2_04_000000"
          ],
          "lastTaskFinishTime": -1,
          "minTaskDuration": -1,
          "maxTaskDuration": -1,
          "avgTaskDuration": -1
        },
        "startTime": 1659674123467,
        "endTime": 1659674903621,
        "numKilledTasks": 1,
        "initTime": 1659674123439,
        "status": "KILLED"
      }
    },
    {
      "entitytype": "TEZ_VERTEX_ID",
      "entity": "vertex_1659670540238_0002_2_03",
      "starttime": 1659674123424,
      "events": [
        {
          "timestamp": 1659674903703,
          "eventtype": "VERTEX_FINISHED",
          "eventinfo": {}
        },
        {
          "timestamp": 1659674123466,
          "eventtype": "VERTEX_STARTED",
          "eventinfo": {}
        },
        {
          "timestamp": 1659674123424,
          "eventtype": "VERTEX_CONFIGURE_DONE",
          "eventinfo": {
            "numTasks": 22,
            "updatedEdgeManagers": {
              "Reducer 2": {
                "schedulingType": "SEQUENTIAL",
                "edgeSourceClass": "org.apache.tez.runtime.library.output.OrderedPartitionedKVOutput",
                "dataMovementType": "SCATTER_GATHER",
                "edgeDestinationClass": "org.apache.tez.runtime.library.input.OrderedGroupedKVInput",
                "dataSourceType": "PERSISTED"
              }
            }
          }
        },
        {
          "timestamp": 1659674123424,
          "eventtype": "VERTEX_INITIALIZED",
          "eventinfo": {}
        }
      ],
      "domain": "Tez_ATS_application_1659670540238_0002_2",
      "relatedentities": {},
      "primaryfilters": {
        "TEZ_DAG_ID": [
          "dag_1659670540238_0002_2"
        ],
        "applicationId": [
          "application_1659670540238_0002"
        ],
        "status": [
          "KILLED"
        ]
      },
      "otherinfo": {
        "numTasks": 22,
        "numFailedTaskAttempts": 2,
        "processorClassName": "org.apache.hadoop.hive.ql.exec.tez.ReduceTezProcessor",
        "numKilledTaskAttempts": 1,
        "servicePlugin": {
          "taskSchedulerName": "TezYarn",
          "taskSchedulerClassName": "org.apache.tez.dag.app.rm.YarnTaskSchedulerService",
          "taskCommunicatorName": "TezYarn",
          "taskCommunicatorClassName": "org.apache.tez.dag.app.TezTaskCommunicatorImpl",
          "containerLauncherName": "TezYarn",
          "containerLauncherClassName": "org.apache.tez.dag.app.launcher.TezContainerLauncherImpl"
        },
        "vertexName": "Reducer 3",
        "counters": {
          "counterGroups": [
            {
              "counterGroupName": "org.apache.tez.common.counters.FileSystemCounter",
              "counterGroupDisplayName": "File System Counters",
              "counters": [
                {
                  "counterName": "FILE_BYTES_READ",
                  "counterValue": 86696258
                },
                {
                  "counterName": "FILE_BYTES_WRITTEN",
                  "counterValue": 51456229
                }
              ]
            },
            {
              "counterGroupName": "org.apache.tez.common.counters.TaskCounter",
              "counters": [
                {
                  "counterName": "REDUCE_INPUT_GROUPS",
                  "counterValue": 1486622
                },
                {
                  "counterName": "REDUCE_INPUT_RECORDS",
                  "counterValue": 1486622
                },
                {
                  "counterName": "SPILLED_RECORDS",
                  "counterValue": 2271233
                },
                {
                  "counterName": "NUM_SHUFFLED_INPUTS",
                  "counterValue": 1560
                },
                {
                  "counterName": "MERGED_MAP_OUTPUTS",
                  "counterValue": 12500367
                },
                {
                  "counterName": "GC_TIME_MILLIS",
                  "counterValue": 69
                },
                {
                  "counterName": "CPU_MILLISECONDS",
                  "counterValue": 19530
                },
                {
                  "counterName": "PHYSICAL_MEMORY_BYTES",
                  "counterValue": 30140792832
                },
                {
                  "counterName": "VIRTUAL_MEMORY_BYTES",
                  "counterValue": 87928655872
                },
                {
                  "counterName": "COMMITTED_HEAP_BYTES",
                  "counterValue": 30140792832
                },
                {
                  "counterName": "OUTPUT_RECORDS",
                  "counterValue": 200
                },
                {
                  "counterName": "OUTPUT_BYTES",
                  "counterValue": 5931
                },
                {
                  "counterName": "OUTPUT_BYTES_WITH_OVERHEAD",
                  "counterValue": 6451
                },
                {
                  "counterName": "OUTPUT_BYTES_PHYSICAL",
                  "counterValue": 6531
                },
                {
                  "counterName": "ADDITIONAL_SPILLS_BYTES_WRITTEN",
                  "counterValue": 12495891
                },
                {
                  "counterName": "ADDITIONAL_SPILLS_BYTES_READ",
                  "counterValue": 71999201
                },
                {
                  "counterName": "SHUFFLE_CHUNK_COUNT",
                  "counterValue": 20
                },
                {
                  "counterName": "SHUFFLE_BYTES",
                  "counterValue": 55321358
                },
                {
                  "counterName": "SHUFFLE_BYTES_DECOMPRESSED",
                  "counterValue": 55315118
                },
                {
                  "counterName": "SHUFFLE_BYTES_TO_MEM",
                  "counterValue": 22272084
                },
                {
                  "counterName": "SHUFFLE_BYTES_DISK_DIRECT",
                  "counterValue": 33049274
                },
                {
                  "counterName": "NUM_DISK_TO_DISK_MERGES",
                  "counterValue": 36
                },
                {
                  "counterName": "SHUFFLE_PHASE_TIME",
                  "counterValue": 422829
                },
                {
                  "counterName": "MERGE_PHASE_TIME",
                  "counterValue": 425327
                },
                {
                  "counterName": "FIRST_EVENT_RECEIVED",
                  "counterValue": 254
                },
                {
                  "counterName": "LAST_EVENT_RECEIVED",
                  "counterValue": 1819
                }
              ]
            },
            {
              "counterGroupName": "HIVE",
              "counters": [
                {
                  "counterName": "RECORDS_OUT_INTERMEDIATE_Reducer_3",
                  "counterValue": 1170
                },
                {
                  "counterName": "RECORDS_OUT_OPERATOR_GBY_29",
                  "counterValue": 1486622
                },
                {
                  "counterName": "RECORDS_OUT_OPERATOR_RS_30",
                  "counterValue": 1170
                }
              ]
            }
          ]
        },
        "numCompletedTasks": 22,
        "numSucceededTasks": 20,
        "numFailedTasks": 0,
        "initRequestedTime": 1659674123378,
        "startRequestedTime": 1659674123463,
        "timeTaken": 780237,
        "diagnostics": "Vertex received Kill while in RUNNING state.\nVertex did not succeed due to DAG_TERMINATED, failedTasks:0 killedTasks:2\nVertex vertex_1659670540238_0002_2_03 [Reducer 3] killed/failed due to:DAG_TERMINATED",
        "stats": {
          "firstTaskStartTime": 1659674219275,
          "firstTasksToStart": [
            "task_1659670540238_0002_2_03_000021"
          ],
          "lastTaskFinishTime": 1659674900140,
          "lastTasksToFinish": [
            "task_1659670540238_0002_2_03_000017"
          ],
          "minTaskDuration": 269,
          "maxTaskDuration": 416041,
          "avgTaskDuration": 30425.65,
          "shortestDurationTasks": [
            "task_1659670540238_0002_2_03_000009"
          ],
          "longestDurationTasks": [
            "task_1659670540238_0002_2_03_000019"
          ]
        },
        "startTime": 1659674123466,
        "endTime": 1659674903703,
        "numKilledTasks": 2,
        "initTime": 1659674123424,
        "status": "KILLED"
      }
    },
    {
      "entitytype": "TEZ_VERTEX_ID",
      "entity": "vertex_1659670540238_0002_2_02",
      "starttime": 1659674123376,
      "events": [
        {
          "timestamp": 1659674903684,
          "eventtype": "VERTEX_FINISHED",
          "eventinfo": {}
        },
        {
          "timestamp": 1659674220828,
          "eventtype": "VERTEX_FINISHED",
          "eventinfo": {}
        },
        {
          "timestamp": 1659674123463,
          "eventtype": "VERTEX_STARTED",
          "eventinfo": {}
        },
        {
          "timestamp": 1659674123378,
          "eventtype": "VERTEX_INITIALIZED",
          "eventinfo": {}
        },
        {
          "timestamp": 1659674123376,
          "eventtype": "VERTEX_CONFIGURE_DONE",
          "eventinfo": {
            "numTasks": 78,
            "updatedEdgeManagers": {
              "Map 1": {
                "schedulingType": "SEQUENTIAL",
                "edgeSourceClass": "org.apache.tez.runtime.library.output.OrderedPartitionedKVOutput",
                "dataMovementType": "SCATTER_GATHER",
                "edgeDestinationClass": "org.apache.tez.runtime.library.input.OrderedGroupedKVInput",
                "dataSourceType": "PERSISTED"
              },
              "Map 5": {
                "schedulingType": "SEQUENTIAL",
                "edgeSourceClass": "org.apache.tez.runtime.library.output.OrderedPartitionedKVOutput",
                "dataMovementType": "SCATTER_GATHER",
                "edgeDestinationClass": "org.apache.tez.runtime.library.input.OrderedGroupedKVInput",
                "dataSourceType": "PERSISTED"
              }
            }
          }
        }
      ],
      "domain": "Tez_ATS_application_1659670540238_0002_2",
      "relatedentities": {},
      "primaryfilters": {
        "TEZ_DAG_ID": [
          "dag_1659670540238_0002_2"
        ],
        "applicationId": [
          "application_1659670540238_0002"
        ],
        "status": [
          "SUCCEEDED",
          "KILLED"
        ]
      },
      "otherinfo": {
        "numTasks": 78,
        "numFailedTaskAttempts": 16,
        "processorClassName": "org.apache.hadoop.hive.ql.exec.tez.ReduceTezProcessor",
        "numKilledTaskAttempts": 0,
        "servicePlugin": {
          "taskSchedulerName": "TezYarn",
          "taskSchedulerClassName": "org.apache.tez.dag.app.rm.YarnTaskSchedulerService",
          "taskCommunicatorName": "TezYarn",
          "taskCommunicatorClassName": "org.apache.tez.dag.app.TezTaskCommunicatorImpl",
          "containerLauncherName": "TezYarn",
          "containerLauncherClassName": "org.apache.tez.dag.app.launcher.TezContainerLauncherImpl"
        },
        "vertexName": "Reducer 2",
        "counters": {
          "counterGroups": [
            {
              "counterGroupName": "org.apache.tez.common.counters.FileSystemCounter",
              "counterGroupDisplayName": "File System Counters",
              "counters": [
                {
                  "counterName": "FILE_BYTES_READ",
                  "counterValue": 214382587
                },
                {
                  "counterName": "FILE_BYTES_WRITTEN",
                  "counterValue": 140659079
                }
              ]
            },
            {
              "counterGroupName": "org.apache.tez.common.counters.TaskCounter",
              "counters": [
                {
                  "counterName": "REDUCE_INPUT_GROUPS",
                  "counterValue": 3240583
                },
                {
                  "counterName": "REDUCE_INPUT_RECORDS",
                  "counterValue": 11214773
                },
                {
                  "counterName": "SPILLED_RECORDS",
                  "counterValue": 12514485
                },
                {
                  "counterName": "NUM_SHUFFLED_INPUTS",
                  "counterValue": 744
                },
                {
                  "counterName": "MERGED_MAP_OUTPUTS",
                  "counterValue": 744
                },
                {
                  "counterName": "GC_TIME_MILLIS",
                  "counterValue": 7656
                },
                {
                  "counterName": "CPU_MILLISECONDS",
                  "counterValue": 77970
                },
                {
                  "counterName": "PHYSICAL_MEMORY_BYTES",
                  "counterValue": 80523296768
                },
                {
                  "counterName": "VIRTUAL_MEMORY_BYTES",
                  "counterValue": 272215154688
                },
                {
                  "counterName": "COMMITTED_HEAP_BYTES",
                  "counterValue": 80523296768
                },
                {
                  "counterName": "OUTPUT_RECORDS",
                  "counterValue": 1299712
                },
                {
                  "counterName": "OUTPUT_BYTES",
                  "counterValue": 45752308
                },
                {
                  "counterName": "OUTPUT_BYTES_WITH_OVERHEAD",
                  "counterValue": 48359916
                },
                {
                  "counterName": "OUTPUT_BYTES_PHYSICAL",
                  "counterValue": 48365372
                },
                {
                  "counterName": "ADDITIONAL_SPILLS_BYTES_WRITTEN",
                  "counterValue": 92260475
                },
                {
                  "counterName": "ADDITIONAL_SPILLS_BYTES_READ",
                  "counterValue": 212850362
                },
                {
                  "counterName": "SHUFFLE_CHUNK_COUNT",
                  "counterValue": 62
                },
                {
                  "counterName": "SHUFFLE_BYTES",
                  "counterValue": 212852842
                },
                {
                  "counterName": "SHUFFLE_BYTES_DECOMPRESSED",
                  "counterValue": 212849866
                },
                {
                  "counterName": "SHUFFLE_BYTES_TO_MEM",
                  "counterValue": 92262955
                },
                {
                  "counterName": "SHUFFLE_BYTES_DISK_DIRECT",
                  "counterValue": 120589887
                },
                {
                  "counterName": "SHUFFLE_PHASE_TIME",
                  "counterValue": 7193
                },
                {
                  "counterName": "MERGE_PHASE_TIME",
                  "counterValue": 13785
                },
                {
                  "counterName": "FIRST_EVENT_RECEIVED",
                  "counterValue": 1754
                },
                {
                  "counterName": "LAST_EVENT_RECEIVED",
                  "counterValue": 2051
                }
              ]
            },
            {
              "counterGroupName": "HIVE",
              "counters": [
                {
                  "counterName": "RECORDS_OUT_INTERMEDIATE_Reducer_2",
                  "counterValue": 1299712
                },
                {
                  "counterName": "RECORDS_OUT_OPERATOR_GBY_10",
                  "counterValue": 1299712
                },
                {
                  "counterName": "RECORDS_OUT_OPERATOR_MERGEJOIN_22",
                  "counterValue": 14257474
                },
                {
                  "counterName": "RECORDS_OUT_OPERATOR_RS_11",
                  "counterValue": 1299712
                }
              ]
            }
          ]
        },
        "numCompletedTasks": 78,
        "numSucceededTasks": 62,
        "numFailedTasks": 0,
        "initRequestedTime": 1659674123335,
        "startRequestedTime": 1659674123462,
        "timeTaken": 780221,
        "diagnostics": "Vertex received Kill while in RUNNING state.\nVertex did not succeed due to DAG_TERMINATED, failedTasks:0 killedTasks:16\nVertex vertex_1659670540238_0002_2_02 [Reducer 2] killed/failed due to:DAG_TERMINATED",
        "stats": {
          "firstTaskStartTime": 1659674165579,
          "firstTasksToStart": [
            "task_1659670540238_0002_2_02_000000"
          ],
          "lastTaskFinishTime": 1659674220827,
          "lastTasksToFinish": [
            "task_1659670540238_0002_2_02_000077"
          ],
          "minTaskDuration": 545,
          "maxTaskDuration": 11948,
          "avgTaskDuration": 1395.693548387097,
          "shortestDurationTasks": [
            "task_1659670540238_0002_2_02_000067"
          ],
          "longestDurationTasks": [
            "task_1659670540238_0002_2_02_000000"
          ]
        },
        "startTime": 1659674123463,
        "endTime": 1659674903684,
        "numKilledTasks": 16,
        "initTime": 1659674123378,
        "status": "KILLED"
      }
    }
  ]
}